Outer_Fold,FS_method,Top_k,Classifier,Inner_F1,Test_F1,Test_Accuracy,Test_AUC
1,LASSO,10,Random Forest,0.7679742454370752,0.7526716042031087,0.7617328519855595,0.8272937380080237
1,LASSO,10,SVM (RBF),0.479497330051861,0.5660432114882821,0.5631768953068592,0.6206610849467993
1,LASSO,10,Logistic Regression,0.466994296800145,0.4952911723832062,0.4909747292418772,0.42765567765567764
1,LASSO,10,XGBoost,0.7751824817518248,0.7249010355686164,0.7292418772563177,0.808651665794523
1,LASSO,10,LightGBM,0.7780709055912256,0.7014013800105107,0.7075812274368231,0.8226931798360371
1,LASSO,10,Stacking Ensemble,0.7421620359694029,0.7409919706917631,0.7509025270758123,0.8287109715681145
1,LASSO,10,Soft Voting Ensemble,0.7471956511396078,0.7262494873443679,0.740072202166065,0.816457352171638
1,LASSO,30,Random Forest,0.7773194605152177,0.7523769256621241,0.7653429602888087,0.8409209837781266
1,LASSO,30,SVM (RBF),0.6312847864174467,0.5827409915465166,0.5812274368231047,0.6278998778998779
1,LASSO,30,Logistic Regression,0.4907119031447465,0.4554128010548846,0.4512635379061371,0.48395255538112686
1,LASSO,30,XGBoost,0.8017473057533413,0.7456382126015461,0.7509025270758123,0.8502093144950287
1,LASSO,30,LightGBM,0.7804631864223724,0.7416082678558789,0.7472924187725631,0.8513867085295656
1,LASSO,30,Soft Voting Ensemble,0.7769788133888393,0.7469383478413512,0.7653429602888087,0.8411826268969126
1,LASSO,50,Random Forest,0.8233547653547121,0.7752344402163897,0.7870036101083032,0.8565323565323566
1,LASSO,50,SVM (RBF),0.5281473635052054,0.5851171948959005,0.5848375451263538,0.6559392987964416
1,LASSO,50,Logistic Regression,0.4805649208520168,0.4773553806445523,0.4729241877256318,0.5061922204779348
1,LASSO,50,XGBoost,0.8294854976742343,0.7367847514477,0.7472924187725631,0.8576661433804291
1,LASSO,50,LightGBM,0.837070571572291,0.7434766755933531,0.7509025270758123,0.8523024594453166
1,LASSO,50,Stacking Ensemble,0.7918657153161981,0.7551556369430614,0.7653429602888087,0.8484650270364557
1,LASSO,50,Soft Voting Ensemble,0.8234235158336273,0.7590227583103397,0.7725631768953068,0.8546136403279261
1,LASSO,70,Random Forest,0.8032105256071942,0.7513726871455887,0.7653429602888087,0.8581458224315368
1,LASSO,70,SVM (RBF),0.6675546383628761,0.6050010348162822,0.6064981949458483,0.651753008895866
1,LASSO,70,Logistic Regression,0.5000675644134549,0.4909830344162652,0.4873646209386281,0.4918018489447061
1,LASSO,70,XGBoost,0.8270618682187091,0.7493397712437767,0.7581227436823105,0.8615035757892902
1,LASSO,70,LightGBM,0.8160235386921475,0.756822166132022,0.7653429602888087,0.8606750392464677
1,LASSO,70,Stacking Ensemble,0.7966354245444309,0.7643045610202676,0.7725631768953068,0.8441043083900227
1,LASSO,70,Soft Voting Ensemble,0.8159544158882331,0.7636125926230094,0.779783393501805,0.8613291470434328
1,LASSO,90,Random Forest,0.807887438308022,0.7853523364179006,0.7978339350180506,0.8651447758590616
1,LASSO,90,SVM (RBF),0.5143862487360971,0.6028880866425993,0.6028880866425993,0.6602564102564102
1,LASSO,90,Logistic Regression,0.4852069544645597,0.4556322757145525,0.4512635379061371,0.5084161869876156
1,LASSO,90,XGBoost,0.8164084833500734,0.7609516428235978,0.7689530685920578,0.8679574393860109
1,LASSO,90,LightGBM,0.8001313235538173,0.7468089404162093,0.7545126353790613,0.86573347287633
1,LASSO,90,Soft Voting Ensemble,0.8131505250507922,0.7666728294750909,0.779783393501805,0.8651665794522938
1,RF_importance,10,Random Forest,0.7824098835790495,0.735226950095767,0.7436823104693141,0.8650139542996687
1,RF_importance,10,SVM (RBF),0.6960619718418233,0.6763278165338902,0.6787003610108303,0.7155503226931796
1,RF_importance,10,Logistic Regression,0.512617891936406,0.4729241877256318,0.4729241877256318,0.5669370312227454
1,RF_importance,10,XGBoost,0.7704182050156272,0.7121327822451125,0.7148014440433214,0.8516919588348161
1,RF_importance,10,LightGBM,0.7811831447492282,0.7141755086922995,0.7148014440433214,0.8496424210709926
1,RF_importance,10,Stacking Ensemble,0.7365202218635721,0.7128517627799164,0.7220216606498195,0.8309349380777952
1,RF_importance,10,Soft Voting Ensemble,0.7656454938095049,0.7597377748006403,0.7653429602888087,0.8497732426303855
1,RF_importance,30,Random Forest,0.8289400398182175,0.781972971804593,0.7942238267148014,0.8713369963369964
1,RF_importance,30,SVM (RBF),0.5638651546359457,0.7107771891165392,0.7111913357400722,0.7228981336124194
1,RF_importance,30,Logistic Regression,0.5233987194602971,0.5253797958226697,0.5234657039711191,0.5900488400488401
1,RF_importance,30,XGBoost,0.8147994686097427,0.7624197923677825,0.7689530685920578,0.8720565149136578
1,RF_importance,30,LightGBM,0.8248632540966794,0.7416082678558789,0.7472924187725631,0.8703122274550846
1,RF_importance,30,Stacking Ensemble,0.8146708596611553,0.7526716042031087,0.7617328519855595,0.8319815105529391
1,RF_importance,30,Soft Voting Ensemble,0.8205126599875305,0.7637561306110892,0.7689530685920578,0.8645560788417931
1,RF_importance,50,Random Forest,0.8152037034963995,0.7623543724626757,0.776173285198556,0.8729722658294087
1,RF_importance,50,SVM (RBF),0.5246299853123941,0.6789167856150882,0.6787003610108303,0.740319204604919
1,RF_importance,50,Logistic Regression,0.5031446540880503,0.5095537305754559,0.5054151624548736,0.5710797139368567
1,RF_importance,50,XGBoost,0.8010982743280841,0.7509426161905737,0.7617328519855595,0.869440083725798
1,RF_importance,50,LightGBM,0.7993022875357007,0.7705071048621108,0.776173285198556,0.855398569684284
1,RF_importance,50,Stacking Ensemble,0.7908096317232365,0.7229835636417502,0.7364620938628159,0.8576225361939648
1,RF_importance,50,Soft Voting Ensemble,0.8037039248666183,0.7603838234652246,0.7653429602888087,0.8671289028431886
1,RF_importance,70,Random Forest,0.8301761385737123,0.771362999422255,0.7870036101083032,0.8709881388452817
1,RF_importance,70,SVM (RBF),0.5315114406918083,0.6534296028880866,0.6534296028880866,0.7349119134833421
1,RF_importance,70,Logistic Regression,0.5236756233414016,0.448247180016133,0.4440433212996389,0.5313971742543171
1,RF_importance,70,XGBoost,0.8079631066493779,0.7534813816618353,0.7617328519855595,0.8785539856968427
1,RF_importance,70,LightGBM,0.8203632118555996,0.7536440964659699,0.7581227436823105,0.8635967207395778
1,RF_importance,70,Stacking Ensemble,0.8089699422079286,0.7792693507967585,0.7870036101083032,0.842839699982557
1,RF_importance,70,Soft Voting Ensemble,0.8230468893155056,0.7609516428235978,0.7689530685920578,0.8674777603349032
1,RF_importance,90,Random Forest,0.811420670566227,0.7803877888405324,0.7978339350180506,0.8634658991801849
1,RF_importance,90,SVM (RBF),0.5708126135849158,0.671701432482843,0.6714801444043321,0.7176434676434676
1,RF_importance,90,Logistic Regression,0.5465218871877225,0.4944199762628055,0.4909747292418772,0.5400313971742543
1,RF_importance,90,XGBoost,0.8237800192917137,0.751645684403582,0.7581227436823105,0.8742804814233386
1,RF_importance,90,LightGBM,0.8175895790685388,0.7624197923677825,0.7689530685920578,0.868916797488226
1,RF_importance,90,Soft Voting Ensemble,0.8245558430399266,0.7542674609585248,0.7653429602888087,0.8627681841967556
1,Boruta,10,Random Forest,0.7812194818136523,0.7385408593383103,0.7472924187725631,0.8416405023547882
1,Boruta,10,XGBoost,0.7707886277987142,0.7175650631837797,0.7220216606498195,0.8245682888540031
1,Boruta,10,LightGBM,0.7797619047619048,0.6896257685577276,0.6931407942238267,0.8396563753706611
1,Boruta,30,Random Forest,0.8143912675081107,0.7599960971802128,0.7725631768953068,0.8691566370137799
1,Boruta,30,SVM (RBF),0.6000975458325785,0.6337806619647901,0.631768953068592,0.6870312227455084
1,Boruta,30,Logistic Regression,0.5030351882811879,0.4881666931777246,0.483754512635379,0.4466248037676609
1,Boruta,30,XGBoost,0.8303116679680691,0.7385408593383103,0.7472924187725631,0.8697453340310484
1,Boruta,30,LightGBM,0.8191809755135672,0.7260891251580032,0.7328519855595668,0.8681318681318682
1,Boruta,30,Soft Voting Ensemble,0.7515355598856452,0.7385408593383103,0.7472924187725631,0.8634004884004883
1,Boruta,50,Random Forest,0.8237338619267053,0.7575968204519918,0.7689530685920578,0.8576661433804291
1,Boruta,50,SVM (RBF),0.6781285480245361,0.6368805822240262,0.6353790613718412,0.6751700680272108
1,Boruta,50,Logistic Regression,0.523076923076923,0.4691514925176072,0.4657039711191336,0.43912436769579627
1,Boruta,50,XGBoost,0.8183531768012174,0.7393621445460977,0.7472924187725631,0.8809523809523809
1,Boruta,50,LightGBM,0.819776,0.7211702995579923,0.7292418772563177,0.868916797488226
1,Boruta,50,Stacking Ensemble,0.8225639637437867,0.7743869298123142,0.7833935018050542,0.8427960927960928
1,Boruta,50,Soft Voting Ensemble,0.8042274325561992,0.7758921651471229,0.7833935018050542,0.8601953601953601
1,Boruta,70,Random Forest,0.817636010305963,0.7801038259080733,0.7942238267148014,0.8764826443397872
1,Boruta,70,SVM (RBF),0.558910176921774,0.6523263214765718,0.6498194945848376,0.6745813710099424
1,Boruta,70,Logistic Regression,0.5429658830209698,0.4806039070250048,0.4765342960288808,0.49895342752485605
1,Boruta,70,XGBoost,0.8213477010854744,0.7451768043304757,0.7545126353790613,0.8869701726844584
1,Boruta,70,LightGBM,0.8197470356844092,0.748298115010057,0.7545126353790613,0.8746729461015175
1,Boruta,70,Soft Voting Ensemble,0.8225977321585619,0.7493397712437767,0.7581227436823105,0.8714460143031572
1,Boruta,90,Random Forest,0.8093772330999206,0.771362999422255,0.7870036101083032,0.8655808477237048
1,Boruta,90,SVM (RBF),0.6511880708759835,0.6284093136893718,0.628158844765343,0.673861852433281
1,Boruta,90,Logistic Regression,0.5288549782096922,0.4619778640381154,0.4584837545126354,0.4890545961974534
1,Boruta,90,XGBoost,0.8028122040213417,0.7416082678558789,0.7472924187725631,0.8772021629164486
1,Boruta,90,LightGBM,0.8230582844832272,0.7501437416396676,0.7581227436823105,0.8641636141636142
1,Boruta,90,Stacking Ensemble,0.806935195485405,0.7451768043304757,0.7545126353790613,0.829844758416187
1,Boruta,90,Soft Voting Ensemble,0.8246576185469005,0.77096599031931,0.7833935018050542,0.8620050584336298
1,RFE_SVM,10,Random Forest,0.7931360542095627,0.7751294343289031,0.779783393501805,0.8636839351125065
1,RFE_SVM,10,SVM (RBF),0.6888564733226704,0.64370099170202,0.6425992779783394,0.7077446363160649
1,RFE_SVM,10,Logistic Regression,0.5657100153653939,0.5736650066161793,0.5776173285198556,0.635182278039421
1,RFE_SVM,10,XGBoost,0.7898482862403757,0.7898750451925816,0.7942238267148014,0.8612855398569684
1,RFE_SVM,10,LightGBM,0.7993827695947926,0.7615808974928009,0.7653429602888087,0.8686987615559043
1,RFE_SVM,10,Stacking Ensemble,0.7242793133319588,0.7657830516287135,0.7725631768953068,0.8275335775335775
1,RFE_SVM,10,Soft Voting Ensemble,0.765180338359933,0.7396994702048854,0.740072202166065,0.840572126286412
1,RFE_SVM,30,Random Forest,0.8130669483072229,0.7590227583103397,0.7725631768953068,0.8662349555206699
1,RFE_SVM,30,SVM (RBF),0.6359306883871911,0.6379892625683891,0.6353790613718412,0.667756846328275
1,RFE_SVM,30,Logistic Regression,0.5799937994770749,0.5232927913029283,0.51985559566787,0.6030873888016746
1,RFE_SVM,30,XGBoost,0.8091341181804016,0.7553520763925617,0.7581227436823105,0.8747165532879819
1,RFE_SVM,30,LightGBM,0.804139791920252,0.7751294343289031,0.779783393501805,0.866387580673295
1,RFE_SVM,30,Stacking Ensemble,0.7995780336068965,0.7668664941393913,0.776173285198556,0.8239577882435025
1,RFE_SVM,30,Soft Voting Ensemble,0.804139791920252,0.7442321227439875,0.7509025270758123,0.8510814582243154
1,RFE_SVM,50,Random Forest,0.8043930650253622,0.7404281223618848,0.7545126353790613,0.8559654631083202
1,RFE_SVM,50,SVM (RBF),0.6798872057184077,0.6306698155682541,0.631768953068592,0.6831719867434153
1,RFE_SVM,50,Logistic Regression,0.592767592632701,0.5373518535701517,0.5342960288808665,0.5025292168149311
1,RFE_SVM,50,XGBoost,0.8022684690966405,0.7401761063236328,0.7436823104693141,0.8590179661608232
1,RFE_SVM,50,LightGBM,0.8218752796229805,0.7300762310389928,0.7328519855595668,0.8615035757892902
1,RFE_SVM,50,Stacking Ensemble,0.7888246537327118,0.7502760954327072,0.7545126353790613,0.8333333333333334
1,RFE_SVM,50,Soft Voting Ensemble,0.8144323407960309,0.7434766755933531,0.7509025270758123,0.8446712018140589
1,RFE_SVM,70,Random Forest,0.8030730690707892,0.7536391736434208,0.7689530685920578,0.8591705913134484
1,RFE_SVM,70,XGBoost,0.8214127539496245,0.7401466479022619,0.7472924187725631,0.8502093144950288
1,RFE_SVM,70,LightGBM,0.8139160031891217,0.7615808974928009,0.7653429602888087,0.8424472353043782
1,RFE_SVM,90,Random Forest,0.8085942266764184,0.7636125926230094,0.779783393501805,0.8555075876504448
1,RFE_SVM,90,SVM (RBF),0.6945489319511178,0.6624019509789956,0.6642599277978339,0.6761076225361939
1,RFE_SVM,90,Logistic Regression,0.5793091258135507,0.5264310540740539,0.5234657039711191,0.5497121925693355
1,RFE_SVM,90,XGBoost,0.8266050321671506,0.7664728077227713,0.7725631768953068,0.8736263736263736
1,RFE_SVM,90,LightGBM,0.8234318835232077,0.7650605331835679,0.7725631768953068,0.8697453340310483
1,RFE_SVM,90,Soft Voting Ensemble,0.8178169886707551,0.7609310206771269,0.7725631768953068,0.8562707134135705
1,mRMR,10,Random Forest,0.7952953074958184,0.736818561084393,0.7436823104693141,0.8641636141636141
1,mRMR,10,SVM (RBF),0.596250837821126,0.556043372786083,0.5523465703971119,0.6193092621664049
1,mRMR,10,Logistic Regression,0.4527877202658363,0.433833423987674,0.4296028880866426,0.5330542473399615
1,mRMR,10,XGBoost,0.7938171906882696,0.7288876628646589,0.7328519855595668,0.8705738705738706
1,mRMR,10,LightGBM,0.7761491070044371,0.697557226915751,0.7003610108303249,0.8571864643293216
1,mRMR,10,Stacking Ensemble,0.7658647674721925,0.7476219642336173,0.7581227436823105,0.8530001744287459
1,mRMR,10,Soft Voting Ensemble,0.7882491552744675,0.7385408593383103,0.7472924187725631,0.8513867085295657
1,mRMR,30,Random Forest,0.8156724590011678,0.7623543724626757,0.776173285198556,0.8655154369440083
1,mRMR,30,SVM (RBF),0.5907351542460656,0.5878095563897501,0.5848375451263538,0.5846415489272633
1,mRMR,30,Logistic Regression,0.5044277304779142,0.4666911698145521,0.4620938628158845,0.4849555206698064
1,mRMR,30,XGBoost,0.8092294131717714,0.7355864539875725,0.740072202166065,0.8688295831152973
1,mRMR,30,LightGBM,0.7969620741913376,0.718837460928765,0.7220216606498195,0.865471829757544
1,mRMR,30,Soft Voting Ensemble,0.8156724590011678,0.7602812138870501,0.776173285198556,0.853567067852782
1,mRMR,50,Random Forest,0.8250546478873239,0.7752344402163897,0.7870036101083032,0.8701814058956916
1,mRMR,50,SVM (RBF),0.6529867484228887,0.6578144643265443,0.6606498194945848,0.6611285539856968
1,mRMR,50,Logistic Regression,0.4706766802994256,0.4879478363022169,0.483754512635379,0.4711756497470783
1,mRMR,50,XGBoost,0.8148367484835698,0.7334921217753543,0.740072202166065,0.8467207395778824
1,mRMR,50,LightGBM,0.8170017451574975,0.748298115010057,0.7545126353790613,0.8495115995115995
1,mRMR,50,Stacking Ensemble,0.8198510842428601,0.7437226159808376,0.7581227436823105,0.8243938601081459
1,mRMR,50,Soft Voting Ensemble,0.8130553368483638,0.7542674609585248,0.7653429602888087,0.8519099947671376
1,mRMR,70,Random Forest,0.8231884607424631,0.7636125926230094,0.779783393501805,0.8633568812140241
1,mRMR,70,SVM (RBF),0.5966660548271313,0.6763278165338902,0.6787003610108303,0.6901273329844759
1,mRMR,70,Logistic Regression,0.4881913196916889,0.4842832085716814,0.4801444043321299,0.4696930054072911
1,mRMR,70,XGBoost,0.7880375192488097,0.7509121342718065,0.7581227436823105,0.8551369265654979
1,mRMR,70,LightGBM,0.7944123306999734,0.7442321227439875,0.7509025270758123,0.8446712018140589
1,mRMR,70,Stacking Ensemble,0.8064829029011145,0.75834759295026,0.7653429602888087,0.8272719344147915
1,mRMR,70,Soft Voting Ensemble,0.8157554694888417,0.7566662109727715,0.7689530685920578,0.8520408163265306
1,mRMR,90,Random Forest,0.8084950311583392,0.7558621858237637,0.7725631768953068,0.8658642944357231
1,mRMR,90,SVM (RBF),0.4851127409053581,0.6768278882070331,0.6823104693140795,0.6989795918367347
1,mRMR,90,Logistic Regression,0.5008200098299082,0.4510287406291445,0.447653429602888,0.47505668934240364
1,mRMR,90,XGBoost,0.8177681800502721,0.7342256469374753,0.740072202166065,0.8567067852782139
1,mRMR,90,LightGBM,0.8087080787446297,0.7557011116274082,0.7617328519855595,0.843755450898308
1,mRMR,90,Stacking Ensemble,0.8117136020632408,0.7597377748006403,0.7653429602888087,0.8324175824175823
1,mRMR,90,Soft Voting Ensemble,0.8125512167842996,0.7613379494670638,0.776173285198556,0.8575353218210361
1,ReliefF,10,Random Forest,0.7704600162301586,0.7447577541440359,0.7581227436823105,0.8426434676434676
1,ReliefF,10,SVM (RBF),0.7363434807704379,0.6606498194945848,0.6606498194945848,0.6567024245595674
1,ReliefF,10,Logistic Regression,0.5035673331036725,0.5380361783352015,0.5342960288808665,0.5072387929530786
1,ReliefF,10,XGBoost,0.7617759836637343,0.7301670393914885,0.7364620938628159,0.8334641548927262
1,ReliefF,10,LightGBM,0.7587604897860601,0.7102290907989428,0.7148014440433214,0.8260073260073261
1,ReliefF,10,Stacking Ensemble,0.7158008923775173,0.7346271192733483,0.7545126353790613,0.825091575091575
1,ReliefF,10,Soft Voting Ensemble,0.763548317722289,0.7526716042031087,0.7617328519855595,0.8238269666841096
1,ReliefF,30,Random Forest,0.801300712560542,0.7602812138870501,0.776173285198556,0.8736263736263736
1,ReliefF,30,SVM (RBF),0.5956481682362069,0.5800910520547259,0.5776173285198556,0.616256759113902
1,ReliefF,30,Logistic Regression,0.506861194031919,0.5378578419001573,0.5342960288808665,0.46406767835339263
1,ReliefF,30,XGBoost,0.8001441348903767,0.7376820044578428,0.7472924187725631,0.8770713413570554
1,ReliefF,30,LightGBM,0.8016066693229885,0.7449524070960646,0.7509025270758123,0.8621140763997907
1,ReliefF,30,Stacking Ensemble,0.791400597310819,0.7492412049828907,0.7653429602888087,0.8204692133263561
1,ReliefF,30,Soft Voting Ensemble,0.7956069938228213,0.7591830719087036,0.776173285198556,0.8720129077271934
1,ReliefF,50,Random Forest,0.8020443323040268,0.7636125926230094,0.779783393501805,0.871162567591139
1,ReliefF,50,SVM (RBF),0.6831935121132994,0.6034116708572832,0.6028880866425993,0.6218820861678005
1,ReliefF,50,Logistic Regression,0.5239380339883961,0.5454347554795176,0.5415162454873647,0.5001744287458573
1,ReliefF,50,XGBoost,0.8010381262216487,0.7526716042031087,0.7617328519855595,0.8781615210186638
1,ReliefF,50,LightGBM,0.8026024272969207,0.7799773247274683,0.7870036101083032,0.8627681841967556
1,ReliefF,50,Stacking Ensemble,0.7887426989617504,0.7569568602141863,0.7725631768953068,0.8284057212628642
1,ReliefF,50,Soft Voting Ensemble,0.793772703301955,0.7801038259080733,0.7942238267148014,0.8668236525379382
1,ReliefF,70,Random Forest,0.8271458440554729,0.7470223964925258,0.7617328519855595,0.8755668934240363
1,ReliefF,70,SVM (RBF),0.5473565375290109,0.5793567140614956,0.5776173285198556,0.6019317983603697
1,ReliefF,70,Logistic Regression,0.5288346596641657,0.5490047501425043,0.5451263537906137,0.4825571254142682
1,ReliefF,70,XGBoost,0.8197931535633851,0.7631041082447595,0.7689530685920578,0.8590179661608233
1,ReliefF,70,LightGBM,0.8123816529732037,0.7557011116274082,0.7617328519855595,0.8640327926042212
1,ReliefF,70,Soft Voting Ensemble,0.8295596813818049,0.7590227583103397,0.7725631768953068,0.8717076574219432
1,ReliefF,90,Random Forest,0.8264079825478579,0.7747196479145937,0.7906137184115524,0.8649921507064364
1,ReliefF,90,SVM (RBF),0.5341884555475331,0.6308207331142979,0.628158844765343,0.5896345717774288
1,ReliefF,90,Logistic Regression,0.520467997120066,0.5380788173635382,0.5342960288808665,0.4875719518576661
1,ReliefF,90,XGBoost,0.8255313688868606,0.7738863693823658,0.779783393501805,0.8652537938252224
1,ReliefF,90,LightGBM,0.8271130810464054,0.75834759295026,0.7653429602888087,0.854482818768533
1,ReliefF,90,Soft Voting Ensemble,0.846030411659172,0.7791134062215007,0.7942238267148014,0.865471829757544
2,LASSO,10,Random Forest,0.7449352808815048,0.7786004573086664,0.7906137184115524,0.7702119309262166
2,LASSO,10,SVM (RBF),0.5816760396172409,0.5632890834494064,0.5595667870036101,0.5794086865515437
2,LASSO,10,Logistic Regression,0.4660562223091947,0.5060601092709539,0.5018050541516246,0.48918541775684643
2,LASSO,10,XGBoost,0.7203344916988096,0.7762528422624747,0.779783393501805,0.7840572126286411
2,LASSO,10,LightGBM,0.7335924230792388,0.766053191239343,0.7689530685920578,0.771716378859236
2,LASSO,10,Soft Voting Ensemble,0.7273874066175589,0.7591830719087036,0.776173285198556,0.7645211930926217
2,LASSO,30,Random Forest,0.7778828119110167,0.8057111262887435,0.8158844765342961,0.8222135007849294
2,LASSO,30,SVM (RBF),0.5281228124578385,0.6134470621082497,0.6137184115523465,0.5751787894645037
2,LASSO,30,Logistic Regression,0.4712309828507066,0.5306928472009348,0.5270758122743683,0.4782400139542997
2,LASSO,30,XGBoost,0.745394093591223,0.7921173183218094,0.7978339350180506,0.7936507936507937
2,LASSO,30,LightGBM,0.7433026212710496,0.7880894276640742,0.7942238267148014,0.7867172510029654
2,LASSO,30,Stacking Ensemble,0.7493000986062966,0.7811313899856557,0.7906137184115524,0.7806122448979591
2,LASSO,30,Soft Voting Ensemble,0.6816323273371241,0.8101150334184829,0.8231046931407943,0.8169370312227455
2,LASSO,50,Random Forest,0.7787875899460727,0.7938693912873791,0.8050541516245487,0.8126199197627769
2,LASSO,50,SVM (RBF),0.4365243183237356,0.6572707262183526,0.6570397111913358,0.6429879644165359
2,LASSO,50,Logistic Regression,0.4452051993314129,0.5341667412556813,0.5306859205776173,0.44854351997209135
2,LASSO,50,XGBoost,0.7649339353566678,0.8017165354614949,0.8086642599277978,0.793040293040293
2,LASSO,50,LightGBM,0.7502626344457838,0.7751560038210082,0.7833935018050542,0.7938688295831152
2,LASSO,50,Stacking Ensemble,0.7377983403184468,0.77096599031931,0.7833935018050542,0.7776469562183848
2,LASSO,50,Soft Voting Ensemble,0.701280108198877,0.8014439344601372,0.8158844765342961,0.807605093319379
2,LASSO,70,Random Forest,0.7913340854029889,0.8006843123880507,0.8122743682310469,0.8246118960404675
2,LASSO,70,SVM (RBF),0.4575709025010483,0.670759130265813,0.6714801444043321,0.6452773417059131
2,LASSO,70,Logistic Regression,0.4436808368256681,0.533911832110802,0.5306859205776173,0.4618001046572475
2,LASSO,70,XGBoost,0.7843162178420754,0.8003576731997271,0.8086642599277978,0.8107012035583464
2,LASSO,70,LightGBM,0.7836952161622643,0.771021887133298,0.779783393501805,0.7939560439560439
2,LASSO,70,Soft Voting Ensemble,0.7689378240182647,0.7946142198199917,0.8086642599277978,0.8117477760334902
2,LASSO,90,Random Forest,0.8078615282895567,0.7955351363706648,0.8086642599277978,0.8153017617303332
2,LASSO,90,SVM (RBF),0.5375929369727482,0.6505339210143432,0.6534296028880866,0.6571384964242106
2,LASSO,90,Logistic Regression,0.4709225724347766,0.5069397561937043,0.5054151624548736,0.46633525204953774
2,LASSO,90,XGBoost,0.7886891098282673,0.7896230429693443,0.8014440433212996,0.8196406767835339
2,LASSO,90,LightGBM,0.7934940365356551,0.7735841965368851,0.7833935018050542,0.8072562358276644
2,LASSO,90,Stacking Ensemble,0.7939919965617535,0.7580100230462367,0.7725631768953068,0.7946973661259376
2,LASSO,90,Soft Voting Ensemble,0.7622052541925723,0.787819481139369,0.8014440433212996,0.8084772370486656
2,RF_importance,10,Random Forest,0.7972149332732698,0.7874357204994186,0.7942238267148014,0.7962890284318855
2,RF_importance,10,SVM (RBF),0.5629492529714974,0.5417910186472787,0.5379061371841155,0.6482208267922553
2,RF_importance,10,Logistic Regression,0.5353476495466611,0.5198334102173945,0.516245487364621,0.5276905634048492
2,RF_importance,10,XGBoost,0.8076353634493169,0.7587423534655725,0.7617328519855595,0.7898133612419327
2,RF_importance,10,LightGBM,0.8124121196617672,0.7649657368778422,0.7689530685920578,0.7896389324960753
2,RF_importance,10,Soft Voting Ensemble,0.7751981220511337,0.734923537495211,0.740072202166065,0.789464503750218
2,RF_importance,30,Random Forest,0.8202741024994579,0.7776863484328257,0.7906137184115524,0.8158904587476016
2,RF_importance,30,SVM (RBF),0.656692771127535,0.6717143350474236,0.6750902527075813,0.679029304029304
2,RF_importance,30,Logistic Regression,0.498095566064557,0.5102639080245945,0.5090252707581228,0.45556427699284846
2,RF_importance,30,XGBoost,0.7996750316305232,0.7914897156368783,0.7978339350180506,0.8111372754229897
2,RF_importance,30,LightGBM,0.793111208753163,0.7887134927015549,0.7942238267148014,0.8073434502005931
2,RF_importance,30,Stacking Ensemble,0.7936800106527759,0.7862349242980227,0.7978339350180506,0.7666143380429095
2,RF_importance,30,Soft Voting Ensemble,0.7988938463975086,0.7896230429693443,0.8014440433212996,0.8271847200418629
2,RF_importance,50,Random Forest,0.7947067478192477,0.7853523364179006,0.7978339350180506,0.8194008372579801
2,RF_importance,50,SVM (RBF),0.6110792916341015,0.6841727089296005,0.6895306859205776,0.6858320251177394
2,RF_importance,50,Logistic Regression,0.5328597375196709,0.5365268273797698,0.5379061371841155,0.4955520669806384
2,RF_importance,50,XGBoost,0.8122083305942808,0.7732185103071669,0.779783393501805,0.8165445665445666
2,RF_importance,50,LightGBM,0.8091874041023291,0.7806539689856207,0.7870036101083032,0.8039856968428396
2,RF_importance,50,Stacking Ensemble,0.796027914730076,0.8015038582767352,0.8122743682310469,0.7527472527472527
2,RF_importance,50,Soft Voting Ensemble,0.7815015282276108,0.7685205120842021,0.779783393501805,0.8282312925170068
2,RF_importance,70,Random Forest,0.7809397929505056,0.787819481139369,0.8014440433212996,0.8327010291296005
2,RF_importance,70,SVM (RBF),0.5008243660624979,0.697312542345458,0.703971119133574,0.6841095412523984
2,RF_importance,70,Logistic Regression,0.4726148184445671,0.5467280580262271,0.5523465703971119,0.48966509680795395
2,RF_importance,70,XGBoost,0.790444541741506,0.7880894276640742,0.7942238267148014,0.8218646432932147
2,RF_importance,70,LightGBM,0.7866808729138485,0.7935443244644489,0.8014440433212996,0.7968341182626897
2,RF_importance,70,Stacking Ensemble,0.7593804352743821,0.7845114657636293,0.7942238267148014,0.7902930402930403
2,RF_importance,70,Soft Voting Ensemble,0.7999525861560649,0.7930183244029756,0.8050541516245487,0.832766439909297
2,RF_importance,90,Random Forest,0.8158293895055864,0.7921330527616364,0.8050541516245487,0.8315018315018315
2,RF_importance,90,SVM (RBF),0.6346100325735534,0.7044454019143037,0.7148014440433214,0.6708529565672423
2,RF_importance,90,Logistic Regression,0.5425450290372198,0.5502630446360315,0.5523465703971119,0.5094627594627594
2,RF_importance,90,XGBoost,0.8263221582339882,0.7928240004902828,0.8014440433212996,0.8148438862724577
2,RF_importance,90,LightGBM,0.8138518683539586,0.8003576731997271,0.8086642599277978,0.8114861329147044
2,RF_importance,90,Soft Voting Ensemble,0.8294632513419623,0.7964211304992149,0.8086642599277978,0.8343799058084773
2,Boruta,10,Random Forest,0.7563259866290895,0.8106225159781185,0.8194945848375451,0.7953950811093669
2,Boruta,10,SVM (RBF),0.4782919361716132,0.6296900987037098,0.628158844765343,0.5638845281702425
2,Boruta,10,Logistic Regression,0.4820603735124504,0.5131747159763874,0.5090252707581228,0.5461364032792604
2,Boruta,10,XGBoost,0.7607029405980735,0.7887134927015549,0.7942238267148014,0.7948717948717948
2,Boruta,10,LightGBM,0.7562102813361343,0.7717397128430984,0.776173285198556,0.8018053375196231
2,Boruta,10,Stacking Ensemble,0.7477729142287355,0.7844342769379932,0.7978339350180506,0.7967032967032966
2,Boruta,10,Soft Voting Ensemble,0.7560457694304881,0.7690367252907071,0.7833935018050542,0.7886795743938602
2,Boruta,30,Random Forest,0.787218416778476,0.7980919547706552,0.8086642599277978,0.8298229548229549
2,Boruta,30,SVM (RBF),0.5914295495301151,0.5950450599090659,0.592057761732852,0.6357927786499216
2,Boruta,30,Logistic Regression,0.4817558504228718,0.5529367926027556,0.5523465703971119,0.5000436071864643
2,Boruta,30,XGBoost,0.743227654610298,0.7927160947141645,0.7978339350180506,0.8130559916274201
2,Boruta,30,LightGBM,0.7487823360668987,0.7961270543611495,0.8014440433212996,0.8020233734519449
2,Boruta,30,Stacking Ensemble,0.7525355993706482,0.7590227583103397,0.7725631768953068,0.7718035932321645
2,Boruta,30,Soft Voting Ensemble,0.7757840254646029,0.8066783982960081,0.8194945848375451,0.8208180708180709
2,Boruta,50,Random Forest,0.8124206980480402,0.7887389090086192,0.8014440433212996,0.8125327053898482
2,Boruta,50,SVM (RBF),0.6156317466436565,0.671249370578044,0.6714801444043321,0.6503357753357755
2,Boruta,50,Logistic Regression,0.5367935975195598,0.546273914787492,0.5451263537906137,0.5246816675388104
2,Boruta,50,XGBoost,0.8110622380017727,0.7833624263088855,0.7906137184115524,0.8019361590790162
2,Boruta,50,LightGBM,0.8253830286329416,0.7914897156368783,0.7978339350180506,0.7932583289726148
2,Boruta,50,Stacking Ensemble,0.8248142667609535,0.7669513599116488,0.7833935018050542,0.7734170591313448
2,Boruta,50,Soft Voting Ensemble,0.8124425660120409,0.7786004573086664,0.7906137184115524,0.8040729112157684
2,Boruta,70,Random Forest,0.813419879405579,0.787819481139369,0.8014440433212996,0.8339002267573696
2,Boruta,70,SVM (RBF),0.5700564498870747,0.6432533777021421,0.6462093862815884,0.6901709401709402
2,Boruta,70,Logistic Regression,0.5520053919859409,0.4820381730748239,0.4873646209386281,0.5221960579103435
2,Boruta,70,XGBoost,0.7949206480444384,0.7743869298123142,0.7833935018050542,0.8166753881039595
2,Boruta,70,LightGBM,0.7984500368542005,0.78942780115816,0.7978339350180506,0.8100907029478458
2,Boruta,70,Soft Voting Ensemble,0.8165005513556237,0.7767355011143501,0.7906137184115524,0.8313055991627419
2,Boruta,90,Random Forest,0.8022800812747353,0.7930183244029756,0.8050541516245487,0.8161739054596198
2,Boruta,90,SVM (RBF),0.6243413793560636,0.6288201313171125,0.6462093862815884,0.6747557997557997
2,Boruta,90,Logistic Regression,0.5363087161829483,0.5112191210706084,0.516245487364621,0.5406855049712191
2,Boruta,90,XGBoost,0.8031889492492349,0.7980919547706552,0.8086642599277978,0.8171986743415315
2,Boruta,90,LightGBM,0.7997447587597369,0.7852903277808386,0.7942238267148014,0.8012384440955869
2,Boruta,90,Stacking Ensemble,0.7963576305755077,0.7862349242980227,0.7978339350180506,0.7993197278911565
2,Boruta,90,Soft Voting Ensemble,0.7912518032623246,0.7853523364179006,0.7978339350180506,0.8144514215942787
2,RFE_SVM,10,Random Forest,0.7893217893217893,0.7833624263088855,0.7906137184115524,0.8246991104133963
2,RFE_SVM,10,SVM (RBF),0.6221462098655082,0.656390624632785,0.6606498194945848,0.7206305599162742
2,RFE_SVM,10,Logistic Regression,0.579603162264769,0.5496095820059688,0.5487364620938628,0.5941043083900226
2,RFE_SVM,10,XGBoost,0.7676155897354052,0.7819158263575045,0.7870036101083032,0.8097854526425956
2,RFE_SVM,10,LightGBM,0.7934642808571818,0.7621330550850162,0.7653429602888087,0.7959183673469389
2,RFE_SVM,10,Stacking Ensemble,0.7808374623631517,0.7733744660274279,0.7870036101083032,0.8076923076923077
2,RFE_SVM,10,Soft Voting Ensemble,0.7792015638803034,0.7542674609585248,0.7653429602888087,0.8262253619396475
2,RFE_SVM,30,Random Forest,0.8013008127988965,0.8078913459091713,0.8158844765342961,0.8331371009942439
2,RFE_SVM,30,SVM (RBF),0.6040783084393633,0.6653972056478098,0.6714801444043321,0.7032094889237748
2,RFE_SVM,30,Logistic Regression,0.6262419117090398,0.5595667870036101,0.5595667870036101,0.6054421768707483
2,RFE_SVM,30,XGBoost,0.8209981179741189,0.7961270543611495,0.8014440433212996,0.8319379033664748
2,RFE_SVM,30,LightGBM,0.7999867764748199,0.7835888146473117,0.7870036101083032,0.8178527821384962
2,RFE_SVM,30,Stacking Ensemble,0.782090761282996,0.7904727832525666,0.8014440433212996,0.8032007674864818
2,RFE_SVM,30,Soft Voting Ensemble,0.7975502098076186,0.8098109078152693,0.8158844765342961,0.8352520495377638
2,RFE_SVM,50,Random Forest,0.8018723635495815,0.7946871155082759,0.8050541516245487,0.8371489621489622
2,RFE_SVM,50,SVM (RBF),0.6395982965316531,0.6465647166602813,0.6534296028880866,0.6756933542647828
2,RFE_SVM,50,Logistic Regression,0.5978855493846466,0.5234657039711191,0.5234657039711191,0.586603872318158
2,RFE_SVM,50,XGBoost,0.7836925101656841,0.7833624263088855,0.7906137184115524,0.8322867608581894
2,RFE_SVM,50,LightGBM,0.7959847088114418,0.7887134927015549,0.7942238267148014,0.8269666841095412
2,RFE_SVM,50,Stacking Ensemble,0.7720941091808805,0.8098954773224777,0.8194945848375451,0.7865864294435723
2,RFE_SVM,50,Soft Voting Ensemble,0.7903810191678354,0.7792693507967585,0.7870036101083032,0.8318070818070817
2,RFE_SVM,70,Random Forest,0.813536700081816,0.7920724669649055,0.8014440433212996,0.8200113378684808
2,RFE_SVM,70,SVM (RBF),0.6609668205523203,0.6531845966043145,0.6642599277978339,0.6816239316239315
2,RFE_SVM,70,Logistic Regression,0.5819471749649746,0.5365268273797698,0.5379061371841155,0.6092796092796093
2,RFE_SVM,70,XGBoost,0.819280347055359,0.7901456035662743,0.7978339350180506,0.8488138845281703
2,RFE_SVM,70,LightGBM,0.8069238534054596,0.7874357204994186,0.7942238267148014,0.836865515436944
2,RFE_SVM,70,Stacking Ensemble,0.8082908521947545,0.7878972178954928,0.7978339350180506,0.8055991627420198
2,RFE_SVM,70,Soft Voting Ensemble,0.8206472178360834,0.8003576731997271,0.8086642599277978,0.8259637188208618
2,RFE_SVM,90,Random Forest,0.8215728017967944,0.7962257768831964,0.8050541516245487,0.8273809523809524
2,RFE_SVM,90,SVM (RBF),0.6101668162093767,0.6414548331640327,0.6498194945848376,0.6704822954822955
2,RFE_SVM,90,Logistic Regression,0.614317260242528,0.5395762665340873,0.5379061371841155,0.5871271585557299
2,RFE_SVM,90,XGBoost,0.8266960100994559,0.7942341405732494,0.8014440433212996,0.8395255538112681
2,RFE_SVM,90,LightGBM,0.8328737139975535,0.8051352033115405,0.8122743682310469,0.8222571079713937
2,RFE_SVM,90,Soft Voting Ensemble,0.8407786676288799,0.7962257768831964,0.8050541516245487,0.8226495726495726
2,mRMR,10,Random Forest,0.795911886701048,0.7650605331835679,0.7725631768953068,0.8120530263387407
2,mRMR,10,SVM (RBF),0.5617534745410051,0.658096911229211,0.6570397111913358,0.663134484563056
2,mRMR,10,Logistic Regression,0.4847143071335288,0.5697964072614699,0.5776173285198556,0.5047095761381475
2,mRMR,10,XGBoost,0.7612312033706166,0.7603838234652246,0.7653429602888087,0.8109192394906681
2,mRMR,10,LightGBM,0.7703822683411399,0.7615808974928009,0.7653429602888087,0.8116605616605617
2,mRMR,10,Stacking Ensemble,0.7518923583505591,0.7836994948983529,0.7942238267148014,0.7857142857142858
2,mRMR,10,Soft Voting Ensemble,0.7869580266948569,0.7684219039853604,0.776173285198556,0.8069945927088784
2,mRMR,30,Random Forest,0.812500442609725,0.7954723172563681,0.8050541516245487,0.8154325832897261
2,mRMR,30,SVM (RBF),0.654613440202569,0.6206723506669739,0.6209386281588448,0.6244113029827315
2,mRMR,30,Logistic Regression,0.5290358523607258,0.4915594516721573,0.4873646209386281,0.4694749694749694
2,mRMR,30,XGBoost,0.8105263913410324,0.7441206779180314,0.7472924187725631,0.7831850688993547
2,mRMR,30,LightGBM,0.8121920837369997,0.7373714680379388,0.740072202166065,0.7905546834118262
2,mRMR,30,Stacking Ensemble,0.8074842375503849,0.8041033519898106,0.8158844765342961,0.7703645560788417
2,mRMR,30,Soft Voting Ensemble,0.8266765178843062,0.8041033519898106,0.8158844765342961,0.8134048491191349
2,mRMR,50,Random Forest,0.7880047142897152,0.7836994948983529,0.7942238267148014,0.8377812663526949
2,mRMR,50,SVM (RBF),0.6371253743614513,0.6808852012595952,0.6859205776173285,0.6417233560090703
2,mRMR,50,Logistic Regression,0.4999193305983213,0.5279908419422553,0.5270758122743683,0.47191697191697196
2,mRMR,50,XGBoost,0.7851970231878858,0.7825022397607422,0.7870036101083032,0.8066021280306994
2,mRMR,50,LightGBM,0.7664313997132167,0.7689168698776379,0.7725631768953068,0.8003226931798361
2,mRMR,50,Stacking Ensemble,0.7649861500431886,0.8066783982960081,0.8194945848375451,0.7537938252223966
2,mRMR,50,Soft Voting Ensemble,0.7910005474151215,0.7912889863054282,0.8014440433212996,0.8307169021454734
2,mRMR,70,Random Forest,0.7747330713661983,0.7989455342278485,0.8122743682310469,0.815803244374673
2,mRMR,70,SVM (RBF),0.5304956448408115,0.6872345734553174,0.6967509025270758,0.6463239141810571
2,mRMR,70,Logistic Regression,0.5006076388888888,0.5049051928956019,0.5018050541516246,0.4287022501308215
2,mRMR,70,XGBoost,0.7613844998330922,0.7732185103071669,0.779783393501805,0.80136926565498
2,mRMR,70,LightGBM,0.7692905510342866,0.7677566288970639,0.7725631768953068,0.8052939124367695
2,mRMR,70,Stacking Ensemble,0.7512883129408863,0.7921330527616364,0.8050541516245487,0.7301151229722659
2,mRMR,70,Soft Voting Ensemble,0.777733423918602,0.8023646266192375,0.8158844765342961,0.8146258503401361
2,mRMR,90,Random Forest,0.7878969380749914,0.7844342769379932,0.7978339350180506,0.808804290947148
2,mRMR,90,SVM (RBF),0.3069719368579303,0.6858109362777606,0.6931407942238267,0.651883830455259
2,mRMR,90,Logistic Regression,0.4808439072304989,0.4969067234410194,0.4945848375451263,0.4599249956392814
2,mRMR,90,XGBoost,0.7900268615692153,0.7758921651471229,0.7833935018050542,0.8043345543345544
2,mRMR,90,LightGBM,0.7813192303171145,0.7772685553447959,0.7833935018050542,0.797008547008547
2,mRMR,90,Stacking Ensemble,0.796104536489152,0.787819481139369,0.8014440433212996,0.7528780743066458
2,mRMR,90,Soft Voting Ensemble,0.7995131307961764,0.7980245119234288,0.8122743682310469,0.8131868131868132
2,ReliefF,10,Random Forest,0.7932915298325846,0.8010518035748329,0.8086642599277978,0.7612942612942613
2,ReliefF,10,SVM (RBF),0.5375575997396235,0.5595667870036101,0.5595667870036101,0.42451596023024596
2,ReliefF,10,Logistic Regression,0.5431034482758621,0.5275287858635759,0.5234657039711191,0.48909820338391774
2,ReliefF,10,XGBoost,0.7961120723895962,0.7751294343289031,0.779783393501805,0.7698412698412698
2,ReliefF,10,LightGBM,0.794618917999198,0.7665524160337235,0.7689530685920578,0.7706261991976279
2,ReliefF,10,Stacking Ensemble,0.748690398837644,0.7767355011143501,0.7906137184115524,0.7700375021803594
2,ReliefF,10,Soft Voting Ensemble,0.7924207749893332,0.819467794971002,0.8303249097472925,0.7606837606837606
2,ReliefF,30,Random Forest,0.8267767558687051,0.7811313899856557,0.7906137184115524,0.7895517181231467
2,ReliefF,30,SVM (RBF),0.5512061771136108,0.6384083930435729,0.6353790613718412,0.5827228327228327
2,ReliefF,30,Logistic Regression,0.5381675608120465,0.5203772075529554,0.516245487364621,0.455913134484563
2,ReliefF,30,XGBoost,0.802482442224147,0.76099800403415,0.7653429602888087,0.7935199720914006
2,ReliefF,30,LightGBM,0.8039101182693875,0.7558594482331967,0.7581227436823105,0.7954822954822955
2,ReliefF,30,Stacking Ensemble,0.8110202526956347,0.7801038259080733,0.7942238267148014,0.7821821036106751
2,ReliefF,30,Soft Voting Ensemble,0.8007589612788515,0.7954723172563681,0.8050541516245487,0.7947409733124019
2,ReliefF,50,Random Forest,0.824124991674796,0.8167727922554481,0.8267148014440433,0.8006279434850863
2,ReliefF,50,SVM (RBF),0.6696192547792102,0.641943275825463,0.6389891696750902,0.562358276643991
2,ReliefF,50,Logistic Regression,0.5023402349718139,0.5544030979049029,0.5523465703971119,0.5075004360718647
2,ReliefF,50,XGBoost,0.8112843144942713,0.7914897156368783,0.7978339350180506,0.8133612419326705
2,ReliefF,50,LightGBM,0.8161180199380157,0.7846929368333027,0.7906137184115524,0.808128379556951
2,ReliefF,50,Soft Voting Ensemble,0.8160784658175961,0.8075306044089225,0.8194945848375451,0.7977280655852084
2,ReliefF,70,Random Forest,0.8187927152526912,0.8133302978068321,0.8231046931407943,0.8187903366474796
2,ReliefF,70,SVM (RBF),0.5178441695314385,0.6365030319384244,0.6353790613718412,0.5726059654631084
2,ReliefF,70,Logistic Regression,0.4867748450556565,0.546273914787492,0.5451263537906137,0.5122972265829409
2,ReliefF,70,XGBoost,0.8287477165507177,0.7921173183218094,0.7978339350180506,0.7943921158206873
2,ReliefF,70,LightGBM,0.8274032201473628,0.7732185103071669,0.779783393501805,0.807605093319379
2,ReliefF,70,Stacking Ensemble,0.8108477119407022,0.7810566875180237,0.7942238267148014,0.7865864294435722
2,ReliefF,70,Soft Voting Ensemble,0.7961251976586123,0.8144112623641678,0.8267148014440433,0.8114861329147042
2,ReliefF,90,Random Forest,0.8121160515457521,0.8049231852988465,0.8158844765342961,0.8280350601779173
2,ReliefF,90,SVM (RBF),0.4798481465831318,0.624679450268944,0.628158844765343,0.5629251700680272
2,ReliefF,90,Logistic Regression,0.4810064211244186,0.5405099949863547,0.5415162454873647,0.5136490493633351
2,ReliefF,90,XGBoost,0.8177563739127072,0.8010518035748329,0.8086642599277978,0.7969213326356184
2,ReliefF,90,LightGBM,0.8045783414835745,0.807522087948867,0.8122743682310469,0.804552590266876
2,ReliefF,90,Stacking Ensemble,0.7789259196917245,0.7896230429693443,0.8014440433212996,0.7820076748648177
2,ReliefF,90,Soft Voting Ensemble,0.8070882398225966,0.8014439344601372,0.8158844765342961,0.8260509331937904
3,LASSO,10,Random Forest,0.7665645679050245,0.747021919693692,0.7581227436823105,0.77663772691397
3,LASSO,10,SVM (RBF),0.6546317224568954,0.5762162562781363,0.5740072202166066,0.5967070069280014
3,LASSO,10,Logistic Regression,0.508714366718155,0.5519791457293023,0.5487364620938628,0.5099535210032449
3,LASSO,10,XGBoost,0.7707736389684814,0.7599115247201214,0.7653429602888087,0.7820748925721301
3,LASSO,10,LightGBM,0.7535816618911175,0.7470407641998649,0.7509025270758123,0.7821187406822765
3,LASSO,10,Stacking Ensemble,0.6960955180103199,0.7517444361681395,0.7653429602888087,0.7854511970534069
3,LASSO,10,Soft Voting Ensemble,0.7555547005523441,0.7379574220426932,0.7472924187725631,0.7698412698412698
3,LASSO,30,Random Forest,0.8088657652121498,0.7764070512895991,0.7870036101083032,0.831842497588354
3,LASSO,30,SVM (RBF),0.6381260096930533,0.5771609877594259,0.5884476534296029,0.5995352100324476
3,LASSO,30,Logistic Regression,0.5464475377924499,0.5221563315429592,0.51985559566787,0.5136806103656932
3,LASSO,30,XGBoost,0.8038127152072235,0.7585565489251261,0.7653429602888087,0.8110584933789352
3,LASSO,30,LightGBM,0.7989920599746612,0.7659855781889685,0.7725631768953068,0.8218889765851092
3,LASSO,30,Stacking Ensemble,0.7942367256819707,0.7364671707015636,0.7509025270758123,0.7969394019117775
3,LASSO,30,Soft Voting Ensemble,0.807301060559306,0.7696766731539585,0.779783393501805,0.824782951854775
3,LASSO,50,Random Forest,0.806340360843267,0.7772282576407138,0.7870036101083032,0.8373015873015873
3,LASSO,50,SVM (RBF),0.5569087550380271,0.5938575259178974,0.5956678700361011,0.6474611944225203
3,LASSO,50,Logistic Regression,0.5244949028489716,0.5035215912246598,0.5018050541516246,0.5235025870384986
3,LASSO,50,XGBoost,0.7968301890006194,0.7787703663250457,0.7870036101083032,0.8211435587126196
3,LASSO,50,LightGBM,0.8104465554815121,0.7712963556075525,0.776173285198556,0.8121546961325967
3,LASSO,50,Soft Voting Ensemble,0.7983941852603111,0.7336941419166945,0.740072202166065,0.8360299921073402
3,LASSO,70,Random Forest,0.8041529278956329,0.7924712413474496,0.8050541516245487,0.8413794615452074
3,LASSO,70,SVM (RBF),0.607058095735092,0.6462093862815884,0.6462093862815884,0.6836797334034903
3,LASSO,70,Logistic Regression,0.512037564949644,0.4819355734518189,0.4801444043321299,0.5148645093396474
3,LASSO,70,XGBoost,0.8030027408655145,0.7848713797372516,0.7906137184115524,0.839603613084276
3,LASSO,70,LightGBM,0.7911124336164321,0.7746862001219599,0.779783393501805,0.8246952556344822
3,LASSO,70,Stacking Ensemble,0.7970630179426996,0.7720179314006017,0.779783393501805,0.801148820485837
3,LASSO,70,Soft Voting Ensemble,0.7766001266068082,0.7379574220426932,0.7472924187725631,0.8464877663772692
3,LASSO,90,Random Forest,0.7919577131605886,0.7915658952699653,0.8014440433212996,0.8578444269052004
3,LASSO,90,SVM (RBF),0.5467076112358988,0.6418460930727617,0.6425992779783394,0.7002762430939227
3,LASSO,90,Logistic Regression,0.4926531174307657,0.4760295706960381,0.4729241877256318,0.4952205559940367
3,LASSO,90,XGBoost,0.8027266118547813,0.7997078363070964,0.8050541516245487,0.8442515127598001
3,LASSO,90,LightGBM,0.7819484259425294,0.7826445811208358,0.7870036101083032,0.845698500394633
3,LASSO,90,Soft Voting Ensemble,0.7895750526451,0.7767974056170838,0.7833935018050542,0.8639393142155574
3,RF_importance,10,Random Forest,0.7725881584516208,0.7712710567089458,0.779783393501805,0.8130755064456722
3,RF_importance,10,SVM (RBF),0.6040560638667656,0.6724464697052434,0.6714801444043321,0.692953608699465
3,RF_importance,10,Logistic Regression,0.4689906070708932,0.4952102317716371,0.4981949458483754,0.5227133210558625
3,RF_importance,10,XGBoost,0.7889350569405971,0.7605406402178702,0.7653429602888087,0.8101815311760062
3,RF_importance,10,LightGBM,0.786205474276156,0.7442290860809386,0.7472924187725631,0.8227659387880383
3,RF_importance,10,Soft Voting Ensemble,0.7550043389108365,0.7734146074528108,0.779783393501805,0.8187757607647111
3,RF_importance,30,Random Forest,0.8297713221097123,0.7881699527908915,0.7978339350180506,0.8657151626764887
3,RF_importance,30,SVM (RBF),0.7010930235493377,0.6445836507193243,0.6425992779783394,0.7124002455494167
3,RF_importance,30,Logistic Regression,0.4979872871670389,0.512211560455735,0.5090252707581228,0.4736472858019819
3,RF_importance,30,XGBoost,0.817504318192428,0.7820735378228794,0.7870036101083032,0.8259230027185828
3,RF_importance,30,LightGBM,0.8104458866548263,0.7746862001219599,0.779783393501805,0.8385074103306147
3,RF_importance,30,Stacking Ensemble,0.8276617297434813,0.7855406646655357,0.7942238267148014,0.7762430939226519
3,RF_importance,30,Soft Voting Ensemble,0.8191974838496435,0.7686476167999715,0.776173285198556,0.8607384021748662
3,RF_importance,50,Random Forest,0.7940113161961816,0.7991453172601484,0.8086642599277978,0.8560466543891958
3,RF_importance,50,SVM (RBF),0.5343291095404658,0.60959227511918,0.6064981949458483,0.6969437867227922
3,RF_importance,50,Logistic Regression,0.4932469695693033,0.4877515150261933,0.483754512635379,0.481496097518197
3,RF_importance,50,XGBoost,0.7917204789279019,0.7828790068353746,0.7906137184115524,0.8303078137332283
3,RF_importance,50,LightGBM,0.7790826422064555,0.7801836251987553,0.7870036101083032,0.8489432605454703
3,RF_importance,50,Stacking Ensemble,0.7996170254842394,0.7780157757064319,0.7870036101083032,0.7893975269665878
3,RF_importance,50,Soft Voting Ensemble,0.7772713587172672,0.7727322226631198,0.779783393501805,0.8575813382443217
3,RF_importance,70,Random Forest,0.8138318520788641,0.7975762325678677,0.8086642599277978,0.8546873629746559
3,RF_importance,70,SVM (RBF),0.5385020025949117,0.6451674834176074,0.6425992779783394,0.7144172586161537
3,RF_importance,70,Logistic Regression,0.4899956951001772,0.4912826121869887,0.4873646209386281,0.4891256686836797
3,RF_importance,70,XGBoost,0.8060584477251145,0.7679051452378141,0.776173285198556,0.8370165745856354
3,RF_importance,70,LightGBM,0.8196947538962249,0.7869675752431853,0.7942238267148014,0.8326317635709901
3,RF_importance,70,Stacking Ensemble,0.7911905513823021,0.7562724374767454,0.7653429602888087,0.7883890204332192
3,RF_importance,70,Soft Voting Ensemble,0.8127654986522912,0.7693573191376534,0.776173285198556,0.8649039726387794
3,RF_importance,90,Random Forest,0.8179810035759443,0.7899375998345798,0.8014440433212996,0.8547312110848022
3,RF_importance,90,SVM (RBF),0.6864418710337175,0.6264956834993743,0.6245487364620939,0.7235815136367623
3,RF_importance,90,Logistic Regression,0.5065697231903218,0.5262733104923083,0.5234657039711191,0.49666754362886967
3,RF_importance,90,XGBoost,0.8134314035867599,0.7828790068353746,0.7906137184115524,0.8293870034201526
3,RF_importance,90,LightGBM,0.8002923962195514,0.7693573191376534,0.776173285198556,0.820222748399544
3,RF_importance,90,Stacking Ensemble,0.8095359530615553,0.7712710567089458,0.779783393501805,0.7946154520740157
3,RF_importance,90,Soft Voting Ensemble,0.8259368908946247,0.7666580483709825,0.7725631768953068,0.866920985705516
3,Boruta,10,Random Forest,0.7770575878254653,0.7560518680918071,0.7689530685920578,0.8175699377356835
3,Boruta,10,SVM (RBF),0.6761751442662481,0.553425195602302,0.5523465703971119,0.6027799701832851
3,Boruta,10,Logistic Regression,0.5424842899676396,0.5228344985515871,0.51985559566787,0.4981145312637026
3,Boruta,10,XGBoost,0.763956862976935,0.7495934656367266,0.7581227436823105,0.814303253529773
3,Boruta,10,LightGBM,0.7712465018850916,0.7303621739164441,0.7364620938628159,0.7997018328510042
3,Boruta,10,Stacking Ensemble,0.7724250345102046,0.761248207309233,0.7725631768953068,0.7873366657897044
3,Boruta,10,Soft Voting Ensemble,0.772528871320658,0.7352124409886143,0.7472924187725631,0.8127247215645006
3,Boruta,30,Random Forest,0.814526124204993,0.7890732289994858,0.8014440433212996,0.8545777426992897
3,Boruta,30,SVM (RBF),0.6312372867663623,0.5655445637395096,0.5667870036101083,0.6643646408839778
3,Boruta,30,Logistic Regression,0.5221239362008095,0.4981128545437536,0.4945848375451263,0.5106112426554416
3,Boruta,30,XGBoost,0.8026072780542762,0.7504143828633796,0.7545126353790613,0.8315355608173287
3,Boruta,30,LightGBM,0.8007688931206384,0.7592503673668867,0.7653429602888087,0.8301324212926423
3,Boruta,30,Stacking Ensemble,0.7663168018450028,0.7670217016347156,0.779783393501805,0.7918091730246425
3,Boruta,30,Soft Voting Ensemble,0.8155312297963402,0.7122193560302679,0.7220216606498195,0.8404367271770586
3,Boruta,50,Random Forest,0.8147554959136001,0.7949680101843585,0.8050541516245487,0.8614618959922827
3,Boruta,50,SVM (RBF),0.5555628040521258,0.5898681153306716,0.5956678700361011,0.6803692010874332
3,Boruta,50,Logistic Regression,0.5476457496576072,0.4582557088818772,0.4548736462093863,0.46746470227133213
3,Boruta,50,XGBoost,0.8107099903877557,0.7916775785759448,0.7978339350180506,0.8516179952644042
3,Boruta,50,LightGBM,0.8236528970279092,0.8008065032710941,0.8050541516245487,0.8635885293343857
3,Boruta,50,Stacking Ensemble,0.7792690185932997,0.7937689855572463,0.8014440433212996,0.8123739366833289
3,Boruta,50,Soft Voting Ensemble,0.811363404091595,0.7794927533218936,0.7870036101083032,0.8548189073050952
3,Boruta,70,Random Forest,0.8058343907923149,0.8044133577995232,0.8158844765342961,0.8514864509339647
3,Boruta,70,SVM (RBF),0.6049640437418281,0.6240468330877805,0.628158844765343,0.7008681925808997
3,Boruta,70,Logistic Regression,0.5323816111694176,0.4636760877591346,0.4620938628158845,0.47816364114706655
3,Boruta,70,XGBoost,0.8186893431709888,0.7916775785759448,0.7978339350180506,0.8467508550381478
3,Boruta,70,LightGBM,0.8084979945735519,0.7894608755237988,0.7942238267148014,0.8506533368411822
3,Boruta,70,Stacking Ensemble,0.8234720082177709,0.7889333226958135,0.7978339350180506,0.8144786459703586
3,Boruta,70,Soft Voting Ensemble,0.8276055771419599,0.7738571314598001,0.7833935018050542,0.8579321231254933
3,Boruta,90,Random Forest,0.8286731668106169,0.8128534980344436,0.8231046931407943,0.8557177935630974
3,Boruta,90,SVM (RBF),0.6108448267787592,0.6150620324780552,0.6209386281588448,0.694290976058932
3,Boruta,90,Logistic Regression,0.551150199142112,0.4978569343877929,0.4981949458483754,0.4701394369902657
3,Boruta,90,XGBoost,0.8080844582448902,0.8059625173161051,0.8122743682310469,0.8632815925633605
3,Boruta,90,LightGBM,0.8109406020796535,0.7900125614218245,0.7942238267148014,0.8729720249057266
3,Boruta,90,Stacking Ensemble,0.7934865180867503,0.7903659376341546,0.7978339350180506,0.8178549504516356
3,Boruta,90,Soft Voting Ensemble,0.8344972521613646,0.7663190358417934,0.776173285198556,0.8576690344646146
3,RFE_SVM,10,Random Forest,0.8016782924824308,0.7740657293750783,0.779783393501805,0.8296281680259581
3,RFE_SVM,10,SVM (RBF),0.6647389997418003,0.6810161837483387,0.6895306859205776,0.6814434797860212
3,RFE_SVM,10,Logistic Regression,0.5799638802724086,0.562443480799493,0.5667870036101083,0.5216171183022011
3,RFE_SVM,10,XGBoost,0.7898920115762913,0.7452569028141182,0.7472924187725631,0.8356572831710953
3,RFE_SVM,10,LightGBM,0.7928630664732323,0.7627480014631626,0.7653429602888087,0.8225905463474524
3,RFE_SVM,10,Stacking Ensemble,0.7286870601207758,0.7746411601970052,0.7833935018050542,0.8064982899237043
3,RFE_SVM,10,Soft Voting Ensemble,0.7839219038749545,0.7395969732199311,0.7472924187725631,0.8229851793387706
3,RFE_SVM,30,Random Forest,0.824388807674053,0.7761105969031983,0.7833935018050542,0.8413356134350609
3,RFE_SVM,30,SVM (RBF),0.6120553359683794,0.6123054351270439,0.6137184115523465,0.6806980619135315
3,RFE_SVM,30,Logistic Regression,0.6152179843186395,0.5212679172615095,0.51985559566787,0.5713408752082785
3,RFE_SVM,30,XGBoost,0.8182003812570058,0.7768727613891528,0.779783393501805,0.8432430062264316
3,RFE_SVM,30,LightGBM,0.8170625544086557,0.776369371249156,0.779783393501805,0.8458300447250724
3,RFE_SVM,30,Stacking Ensemble,0.7750260819512896,0.7828790068353746,0.7906137184115524,0.8128124177847934
3,RFE_SVM,30,Soft Voting Ensemble,0.8213568768368308,0.7442290860809386,0.7472924187725631,0.8404367271770586
3,RFE_SVM,50,Random Forest,0.830099511088618,0.7881699527908915,0.7978339350180506,0.8411163728843286
3,RFE_SVM,50,SVM (RBF),0.6678934373628008,0.5884476534296029,0.5884476534296029,0.7135841445233709
3,RFE_SVM,50,Logistic Regression,0.5966170384059468,0.4906914822405468,0.4873646209386281,0.5489344909234413
3,RFE_SVM,50,XGBoost,0.8156457909600365,0.769557114221584,0.7725631768953068,0.840962904498816
3,RFE_SVM,50,LightGBM,0.8064072338941609,0.7690372194868331,0.7725631768953068,0.8406121196176445
3,RFE_SVM,50,Stacking Ensemble,0.7811805302026392,0.7964714183138203,0.8050541516245487,0.8107515566079102
3,RFE_SVM,50,Soft Voting Ensemble,0.8126533781061225,0.7826445811208358,0.7870036101083032,0.857625186354468
3,RFE_SVM,70,Random Forest,0.812267740922832,0.8033006704486849,0.8122743682310469,0.8366219415943172
3,RFE_SVM,70,SVM (RBF),0.679605383629372,0.5868269032138368,0.5848375451263538,0.7020740156099272
3,RFE_SVM,70,Logistic Regression,0.5950901545471639,0.4946324763826528,0.4909747292418772,0.5658160133298256
3,RFE_SVM,70,XGBoost,0.8162230215827337,0.7752766008198473,0.779783393501805,0.8303955099535211
3,RFE_SVM,70,LightGBM,0.8256474820143884,0.7894608755237988,0.7942238267148014,0.8403490309567656
3,RFE_SVM,70,Stacking Ensemble,0.7993888854508322,0.7957353116197882,0.8050541516245487,0.7951854775059194
3,RFE_SVM,70,Soft Voting Ensemble,0.8011263137774793,0.7808436367166528,0.7870036101083032,0.850631412786109
3,RFE_SVM,90,Random Forest,0.8003745318352059,0.7983766427271038,0.8086642599277978,0.8575594141892484
3,RFE_SVM,90,SVM (RBF),0.553269572695262,0.6356142216681683,0.6353790613718412,0.7114794352363414
3,RFE_SVM,90,Logistic Regression,0.6170568056282342,0.512211560455735,0.5090252707581228,0.562571253178988
3,RFE_SVM,90,XGBoost,0.8361863953865577,0.7928732214907623,0.7978339350180506,0.8362711567131458
3,RFE_SVM,90,LightGBM,0.8119647363968763,0.7821531215237717,0.7906137184115524,0.8392528282031044
3,RFE_SVM,90,Stacking Ensemble,0.7881989612091151,0.7957353116197882,0.8050541516245487,0.8066736823642902
3,RFE_SVM,90,Soft Voting Ensemble,0.7997348005527708,0.7753920760365943,0.7833935018050542,0.8644216434271684
3,mRMR,10,Random Forest,0.794250953061004,0.8033006704486849,0.8122743682310469,0.8152240638428484
3,mRMR,10,SVM (RBF),0.6726347907336256,0.6305598180377776,0.6353790613718412,0.6179075681838112
3,mRMR,10,Logistic Regression,0.4636336039088649,0.447749505370239,0.4440433212996389,0.5232833464877663
3,mRMR,10,XGBoost,0.7904511088357074,0.751842686362791,0.7581227436823105,0.8043497325265281
3,mRMR,10,LightGBM,0.812674993541304,0.7470407641998649,0.7509025270758123,0.810926949048496
3,mRMR,10,Stacking Ensemble,0.7608955786718392,0.7721866779826205,0.7833935018050542,0.7871174252389722
3,mRMR,10,Soft Voting Ensemble,0.7758658396656773,0.7873742327837793,0.7978339350180506,0.8243225466982373
3,mRMR,30,Random Forest,0.8089834471313934,0.7746603343680036,0.7870036101083032,0.8544023502587038
3,mRMR,30,SVM (RBF),0.6565124040234311,0.6159285237026402,0.6209386281588448,0.642287117425239
3,mRMR,30,Logistic Regression,0.4577578566685897,0.5190956333785556,0.516245487364621,0.4711917916337805
3,mRMR,30,XGBoost,0.778211876564924,0.7808436367166528,0.7870036101083032,0.8287292817679557
3,mRMR,30,LightGBM,0.7631804740096605,0.7882726659804953,0.7942238267148014,0.8288169779882487
3,mRMR,30,Stacking Ensemble,0.7761410098180991,0.7650659712495004,0.779783393501805,0.77663772691397
3,mRMR,30,Soft Voting Ensemble,0.7946735703436291,0.7780157757064319,0.7870036101083032,0.8519249320354293
3,mRMR,50,Random Forest,0.8126646982751737,0.7915658952699653,0.8014440433212996,0.834561080417434
3,mRMR,50,SVM (RBF),0.6467303265410521,0.6186470193464779,0.6173285198555957,0.6603963869157239
3,mRMR,50,Logistic Regression,0.4668133075261493,0.4949403795904945,0.4909747292418772,0.4744365517846181
3,mRMR,50,XGBoost,0.7971434026909351,0.8031307245081798,0.8086642599277978,0.8332894852231868
3,mRMR,50,LightGBM,0.7960707576969217,0.7888810913832698,0.7942238267148014,0.838244321669736
3,mRMR,50,Soft Voting Ensemble,0.787326908560456,0.7889333226958135,0.7978339350180506,0.8374550556870998
3,mRMR,70,Random Forest,0.7946518370863951,0.7923314266142248,0.8014440433212996,0.869727264754889
3,mRMR,70,SVM (RBF),0.6709559519013613,0.6114516800888642,0.6101083032490975,0.7062176620187669
3,mRMR,70,Logistic Regression,0.4678617862395683,0.498569504546505,0.4945848375451263,0.4788652109094098
3,mRMR,70,XGBoost,0.8001525072523828,0.7882726659804953,0.7942238267148014,0.8374989037972463
3,mRMR,70,LightGBM,0.7940252211955423,0.8031307245081798,0.8086642599277978,0.8428922213452601
3,mRMR,70,Soft Voting Ensemble,0.802041835679631,0.7813952270778068,0.7906137184115524,0.8593352626501797
3,mRMR,90,Random Forest,0.8124988013066654,0.7967432933995046,0.8086642599277978,0.865167061299658
3,mRMR,90,SVM (RBF),0.6836456278138751,0.6307128791785832,0.631768953068592,0.7008024204156802
3,mRMR,90,Logistic Regression,0.5105592123184207,0.533961936362057,0.5306859205776173,0.481496097518197
3,mRMR,90,XGBoost,0.8015109809267159,0.7746411601970052,0.7833935018050542,0.8389897395422258
3,mRMR,90,LightGBM,0.7962923680102159,0.7801836251987553,0.7870036101083032,0.8450407787424362
3,mRMR,90,Stacking Ensemble,0.7666349187145984,0.7688276292994161,0.779783393501805,0.7823379812330089
3,mRMR,90,Soft Voting Ensemble,0.7885161966054289,0.7964714183138203,0.8050541516245487,0.8573182495834428
3,ReliefF,10,Random Forest,0.7711871967221414,0.7869675752431853,0.7942238267148014,0.8333333333333334
3,ReliefF,10,SVM (RBF),0.7073320619992655,0.6360534437117912,0.6353790613718412,0.6869025694992545
3,ReliefF,10,Logistic Regression,0.532390906623428,0.4948426517489153,0.4909747292418772,0.5465666929755327
3,ReliefF,10,XGBoost,0.765347352484196,0.7583151393912886,0.7617328519855595,0.8062790493729721
3,ReliefF,10,LightGBM,0.7655786350148368,0.776369371249156,0.779783393501805,0.8153994562834341
3,ReliefF,10,Soft Voting Ensemble,0.7774637483037392,0.8046890055040712,0.8122743682310469,0.8314040164868896
3,ReliefF,30,Random Forest,0.7892242056879482,0.7890732289994858,0.8014440433212996,0.8267341927562921
3,ReliefF,30,SVM (RBF),0.5377252104432204,0.5843115236440939,0.5812274368231047,0.649653599929843
3,ReliefF,30,Logistic Regression,0.4936431746714748,0.4978648416456095,0.4945848375451263,0.46268525826536877
3,ReliefF,30,XGBoost,0.7865368235260656,0.7910365571096516,0.7978339350180506,0.8172410769095853
3,ReliefF,30,LightGBM,0.7828059528327181,0.7794927533218936,0.7870036101083032,0.8153994562834341
3,ReliefF,30,Stacking Ensemble,0.7836460200826537,0.7660630357994297,0.779783393501805,0.8071121634657545
3,ReliefF,30,Soft Voting Ensemble,0.7887631351331458,0.7903659376341546,0.7978339350180506,0.8315355608173287
3,ReliefF,50,Random Forest,0.7961345317136155,0.8128534980344436,0.8231046931407943,0.8355038147855828
3,ReliefF,50,SVM (RBF),0.6672607427296677,0.5403023796915375,0.5379061371841155,0.5817986494782076
3,ReliefF,50,Logistic Regression,0.4906940193564398,0.4624717978156386,0.4584837545126354,0.42620363062352007
3,ReliefF,50,XGBoost,0.804151190421639,0.7916775785759448,0.7978339350180506,0.8239498377619925
3,ReliefF,50,LightGBM,0.7828316152570041,0.770034923167407,0.776173285198556,0.8238621415416995
3,ReliefF,50,Stacking Ensemble,0.7864283593587499,0.7789220054582002,0.7906137184115524,0.7727352451109356
3,ReliefF,50,Soft Voting Ensemble,0.7974796077641548,0.7899375998345798,0.8014440433212996,0.8328948522318687
3,ReliefF,70,Random Forest,0.8201517938173096,0.7906359417653197,0.8050541516245487,0.8399982460755941
3,ReliefF,70,SVM (RBF),0.646116879706556,0.547785471051467,0.5487364620938628,0.5452950977812856
3,ReliefF,70,Logistic Regression,0.529721224463588,0.5107169304822734,0.5090252707581228,0.43777953170218364
3,ReliefF,70,XGBoost,0.8198920997932969,0.7937689855572463,0.8014440433212996,0.8251337367359467
3,ReliefF,70,LightGBM,0.8122250204997179,0.783573577006425,0.7906137184115524,0.8203542927299834
3,ReliefF,70,Stacking Ensemble,0.7847650834595393,0.8094155219467243,0.8194945848375451,0.792028413575375
3,ReliefF,70,Soft Voting Ensemble,0.8253633729379437,0.7838516831084255,0.7978339350180506,0.8380689292291501
3,ReliefF,90,Random Forest,0.8312526198187148,0.7881742363725003,0.8014440433212996,0.8567043760413926
3,ReliefF,90,SVM (RBF),0.6936587137165864,0.5601223522481306,0.5595667870036101,0.5698061913531526
3,ReliefF,90,Logistic Regression,0.4991632353029079,0.533961936362057,0.5306859205776173,0.43992808909935976
3,ReliefF,90,XGBoost,0.8219241358319385,0.7761105969031983,0.7833935018050542,0.8340349030956766
3,ReliefF,90,LightGBM,0.8296217305641229,0.7525241870192021,0.7581227436823105,0.8200912040691045
3,ReliefF,90,Soft Voting Ensemble,0.8465469590523906,0.7822989671012917,0.7942238267148014,0.8487678681048846
