FS_method,Classifier,Top_k,F1_mean,F1_std,Accuracy_mean,Precision_mean,Recall_mean,AUC_mean
ReliefF,Soft Voting Ensemble,90,0.8332218701780532,0.02263386140209153,0.8350629308013838,0.8432807880214631,0.8350629308013838,1.0
RFE_SVM,XGBoost,90,0.8298291458843882,0.005505727487868306,0.8303095352493183,0.834321230443475,0.8303095352493183,1.0
RF_importance,Soft Voting Ensemble,90,0.8266519950921712,0.002530651017175967,0.8283892268990461,0.8360606708644589,0.8283892268990461,1.0
RF_importance,Random Forest,30,0.8263284881424626,0.00525970024789476,0.8276180958563456,0.839684635096957,0.8276180958563456,1.0
Boruta,Stacking Ensemble,70,0.8234720082177709,,0.825,0.8331578947368421,0.825,1.0
ReliefF,Random Forest,90,0.8232588846374416,0.00994935548432572,0.8263805140822208,0.8430499358081539,0.8263805140822208,1.0
Boruta,LightGBM,50,0.8229373085536169,0.002871191855495192,0.8234183427081273,0.8258420860459444,0.8234183427081273,1.0
ReliefF,XGBoost,70,0.8228109899691333,0.005141594058992972,0.8239787387909935,0.829868942713378,0.8239787387909935,1.0
RFE_SVM,LightGBM,90,0.8227567779725459,0.010470824308754621,0.8232654128986425,0.8275169274514957,0.8232654128986425,1.0
Boruta,Soft Voting Ensemble,70,0.8222346202187151,0.005561410535056954,0.8232466813622047,0.8279461190781022,0.8232466813622047,0.9999827809460836
ReliefF,Random Forest,70,0.8220301177084912,0.004482160827001052,0.8242144462073618,0.8378904072521401,0.8242144462073618,1.0
ReliefF,XGBoost,90,0.8217372928771688,0.0038908635840052513,0.8232912539791958,0.8300885616769712,0.8232912539791958,1.0
RF_importance,XGBoost,90,0.8211778603708207,0.006827980091575218,0.8225428121489088,0.8275542266094957,0.8225428121489088,1.0
ReliefF,LightGBM,90,0.8204377176980343,0.013791779835630864,0.8215337244518109,0.8259318493717337,0.8215337244518109,1.0
RFE_SVM,Soft Voting Ensemble,90,0.8194434856174686,0.02057021816555621,0.819817080195167,0.8222497733938647,0.819817080195167,1.0
RFE_SVM,XGBoost,70,0.8189720408625725,0.002608566664160918,0.8196017819588404,0.8226788769013371,0.8196017819588404,1.0
ReliefF,LightGBM,70,0.8173366312067615,0.008718273516425984,0.8181750083403702,0.8216688943119567,0.8181750083403702,1.0
ReliefF,Soft Voting Ensemble,70,0.817016083992787,0.01821329459514557,0.818473854748734,0.826535507513412,0.818473854748734,1.0
Boruta,Random Forest,50,0.8169700186294485,0.005972855462895457,0.8179835825829195,0.8243056121806931,0.8179835825829195,1.0
Boruta,Soft Voting Ensemble,90,0.8168022246568633,0.022667655866798322,0.8185862349472087,0.8248188454069849,0.8185862349472087,1.0
RFE_SVM,XGBoost,30,0.8161108724705087,0.0062018672996902655,0.8172281721940715,0.8196897576431349,0.8172281721940715,1.0
RFE_SVM,LightGBM,70,0.8154957795363232,0.009461254517856382,0.8160405243853588,0.8188478028753261,0.8160405243853588,1.0
RF_importance,Random Forest,90,0.8150770212159193,0.0033442541518355104,0.8182959605303042,0.8335084563797648,0.8182959605303042,1.0
Boruta,Random Forest,90,0.8134434937284243,0.013658316062029052,0.8167248374081181,0.8320362508286189,0.8167248374081181,1.0
Boruta,XGBoost,50,0.8133751350635819,0.004314706739933279,0.8138496091762245,0.8164317384067794,0.8138496091762245,1.0
RFE_SVM,Random Forest,30,0.8129188562600574,0.011544709839560161,0.8155484635663663,0.824592897656062,0.8155484635663663,1.0
RF_importance,Soft Voting Ensemble,30,0.8128679967448943,0.012119821802193308,0.8133827117685001,0.8159071469944458,0.8133827117685001,1.0
mRMR,Random Forest,30,0.812385449580762,0.003345988268961577,0.8152372172603933,0.8309292975725083,0.8152372172603933,0.9999944144219626
mRMR,Soft Voting Ensemble,30,0.8123408490763677,0.016259516639220966,0.8142047908488935,0.8215067435994335,0.8142047908488935,0.9999572293150275
Boruta,Random Forest,70,0.8122967601679524,0.005980435051288161,0.814427943245921,0.8252687289190254,0.814427943245921,1.0
RFE_SVM,Random Forest,50,0.8121216465545206,0.015620217472470423,0.8138157276147093,0.8228820174044622,0.8138157276147093,1.0
RF_importance,Stacking Ensemble,30,0.8120042000191375,0.017147087604741415,0.8138254532814281,0.8250632365145708,0.8138254532814281,0.9864261537606551
RF_importance,Soft Voting Ensemble,70,0.8119216580412872,0.01157025323135253,0.8143897596666833,0.8219073947211415,0.8143897596666833,0.9999964590238237
Boruta,XGBoost,70,0.8116525641003006,0.014551098854577622,0.8126475915567233,0.8168377105216217,0.8126475915567233,1.0
Boruta,LightGBM,90,0.8112478817742058,0.011659799999269846,0.8124880313408239,0.816670125256253,0.8124880313408239,1.0
RFE_SVM,Soft Voting Ensemble,70,0.8108867658067813,0.013803363634730897,0.8116645307570978,0.8146604121745367,0.8116645307570978,0.9999951141338336
RF_importance,XGBoost,30,0.8106596061442314,0.009608574855390463,0.8109846102886081,0.8147622618959353,0.8109846102886081,1.0
RF_importance,LightGBM,90,0.810577947880683,0.009101486146604094,0.8118960066515434,0.8160671767791493,0.8118960066515434,1.0
RFE_SVM,Random Forest,90,0.8101805201028062,0.010687792450597415,0.8111414075001301,0.8178892203750578,0.8111414075001301,1.0
RFE_SVM,Random Forest,70,0.8096258366918124,0.0057102221461288296,0.8110304472735467,0.8189100107063987,0.8110304472735467,1.0
RF_importance,Stacking Ensemble,90,0.8095359530615553,,0.8121019108280255,0.8224727493597742,0.8121019108280255,0.996087398373984
RF_importance,LightGBM,30,0.8094734498348896,0.015898343338246156,0.8097815146495059,0.8125931669318569,0.8097815146495059,1.0
Boruta,Soft Voting Ensemble,50,0.8093444675532785,0.0044642113506906346,0.8102468249585213,0.8140402223752824,0.8102468249585213,1.0
RF_importance,LightGBM,70,0.808912946221891,0.019256441044271263,0.8105426759003315,0.8140221386614304,0.8105426759003315,1.0
Boruta,LightGBM,70,0.8088983557040539,0.01065414269519565,0.8095675627464264,0.8120499641638381,0.8095675627464264,1.0
Boruta,Stacking Ensemble,50,0.8088824163660133,0.025670624488917063,0.81053280128326,0.8198413234527978,0.81053280128326,0.9950992901715657
mRMR,Random Forest,50,0.8085746868174043,0.018860555140035432,0.812242202000149,0.826259417457481,0.812242202000149,1.0
RF_importance,Random Forest,70,0.808315927867694,0.02507735028884623,0.8120236754035665,0.824930251505656,0.8120236754035665,1.0
RFE_SVM,LightGBM,50,0.8080890741095277,0.013026966420442761,0.8084320311170479,0.8097710662777606,0.8084320311170479,1.0
RFE_SVM,Soft Voting Ensemble,30,0.8076822928549005,0.012292328234062646,0.8090748449870361,0.8121977420500133,0.8090748449870361,1.0
ReliefF,Random Forest,50,0.807434618564146,0.014753231906403961,0.8100048268173827,0.8227145144350944,0.8100048268173827,1.0
RFE_SVM,LightGBM,30,0.8070630409345759,0.008905312269158689,0.8079961306730276,0.8095715064367086,0.8079961306730276,1.0
RFE_SVM,Soft Voting Ensemble,50,0.8058222460233296,0.013402044327831,0.8063764343767071,0.8078086868972473,0.8063764343767071,0.999996966166691
ReliefF,Random Forest,30,0.8057672247057317,0.019170571309351056,0.8070820075037662,0.8145432246469252,0.8070820075037662,1.0
ReliefF,XGBoost,50,0.8054912103791864,0.005252888124115731,0.8066117132622687,0.8116907759790429,0.8066117132622687,1.0
Boruta,Random Forest,30,0.8053786028305266,0.015727327003212985,0.8079725174460696,0.8148296624088583,0.8079725174460696,1.0
LASSO,XGBoost,70,0.804793608975433,0.021429023845492664,0.8061095663031104,0.809960044710765,0.8061095663031104,1.0
Boruta,XGBoost,90,0.8046952038384889,0.002941218848567327,0.8057854604175003,0.8090581590946803,0.8057854604175003,1.0
RFE_SVM,Stacking Ensemble,70,0.8038398688227933,0.006294641050524586,0.8061440260252366,0.8166770960898695,0.8061440260252366,0.9960166368165546
mRMR,XGBoost,90,0.8031020075154011,0.013938927934790464,0.8046209139128875,0.8094992581588386,0.8046209139128875,1.0
mRMR,Random Forest,90,0.8029635901799986,0.013200778313802085,0.8067533255085694,0.8229653354474751,0.8067533255085694,1.0
LASSO,Random Forest,50,0.8028275720480172,0.022490287788646292,0.8045185588049044,0.809521560331247,0.8045185588049044,1.0
LASSO,XGBoost,90,0.802608068344374,0.013860066974342031,0.8039854580249823,0.808639607024873,0.8039854580249823,0.9999859341153966
LASSO,Random Forest,90,0.8025688932527224,0.009189560655604716,0.804920258021734,0.8143660476446287,0.804920258021734,1.0
ReliefF,Soft Voting Ensemble,50,0.8024435922945686,0.011952724257033857,0.8043623354514188,0.8120187232268435,0.8043623354514188,1.0
RF_importance,XGBoost,50,0.8016756946167556,0.01025612388372007,0.8033332424691807,0.8074175580686586,0.8033332424691807,1.0
RF_importance,XGBoost,70,0.8014886987053328,0.009611814796680015,0.8036693895615702,0.8090481745741913,0.8036693895615702,1.0
RF_importance,Random Forest,50,0.8013072558372762,0.012039698893355039,0.8058705540787616,0.823299729988479,0.8058705540787616,1.0
RFE_SVM,XGBoost,50,0.8005355900741203,0.01604696827007212,0.8012479572735051,0.8036236793308283,0.8012479572735051,0.9997425838404431
ReliefF,LightGBM,50,0.8005173541639801,0.016740873084289884,0.8011981025474926,0.8037032808390824,0.8011981025474926,1.0
mRMR,Soft Voting Ensemble,90,0.800193514728635,0.012031946661756035,0.803065852153435,0.8140352873992159,0.803065852153435,1.0
LASSO,Random Forest,70,0.7995658463019386,0.007144469619322514,0.801468315856594,0.8078794701046376,0.801468315856594,1.0
mRMR,XGBoost,30,0.7993225603592427,0.018293886022129554,0.8008195841188616,0.8065626269954693,0.8008195841188616,0.9986126141124892
LASSO,LightGBM,50,0.7992599204998623,0.044472014668771306,0.8000104650181981,0.8012653636652237,0.8000104650181981,1.0
mRMR,XGBoost,50,0.7990590581207968,0.014912432085188897,0.8005288874799267,0.8038156139265649,0.8005288874799267,0.9999963594000291
Boruta,Stacking Ensemble,90,0.798926448049221,0.0070827853527558465,0.802085412609051,0.8155243525496636,0.802085412609051,0.9987796208905363
mRMR,Soft Voting Ensemble,70,0.7985102430290248,0.019255469283393438,0.8023378289788387,0.8159580840599041,0.8023378289788387,1.0
ReliefF,Stacking Ensemble,70,0.7978063977001207,0.018443203470199617,0.7987466655375366,0.8035818592312134,0.7987466655375366,0.9962179773825053
mRMR,Random Forest,70,0.7975244563983521,0.02435508460640062,0.8023311559217997,0.8207922445392598,0.8023311559217997,1.0
mRMR,Soft Voting Ensemble,50,0.7971275976079805,0.013915587073165994,0.8001200574440848,0.8100655140986329,0.8001200574440848,0.9999965793020408
LASSO,XGBoost,50,0.7970832073438405,0.032276524954232194,0.7979802986983721,0.7997267885886074,0.7979802986983721,1.0
LASSO,LightGBM,70,0.7969437294902812,0.016934672068726807,0.7976531559953396,0.7991580584627446,0.7976531559953396,1.0
LASSO,Stacking Ensemble,70,0.7968492212435653,0.00030235419150639767,0.7989028213166145,0.8061381547355566,0.7989028213166145,0.991780854545081
ReliefF,XGBoost,30,0.7963878002135297,0.008610936451368845,0.7968552930818315,0.7992711373645554,0.7968552930818315,0.9992718800058249
ReliefF,LightGBM,30,0.796107580141698,0.011576978710458796,0.7961837998124874,0.7973904353613682,0.7961837998124874,1.0
RF_importance,LightGBM,50,0.7958574446148284,0.015345174461827529,0.7973589272280849,0.8007107311744761,0.7973589272280849,1.0
RF_importance,Stacking Ensemble,50,0.7954848573125174,0.004428739068223869,0.7974874754159659,0.802676885176672,0.7974874754159659,0.9992727758823626
mRMR,LightGBM,90,0.79543989235732,0.01371430970192946,0.7971905765149448,0.802348769143643,0.7971905765149448,1.0
ReliefF,Stacking Ensemble,30,0.7953556233630358,0.014109175244949054,0.7957571484229229,0.7993552510251206,0.7957571484229229,0.9959925013001433
RFE_SVM,LightGBM,10,0.7952367056417357,0.0036031582550585233,0.795291735811329,0.7952831314399447,0.795291735811329,1.0
mRMR,Random Forest,10,0.7951527157526236,0.0008395977864894224,0.7957100886144012,0.8010043627263439,0.7957100886144012,1.0
ReliefF,Soft Voting Ensemble,30,0.7950430300782729,0.00601776557854935,0.7960246655722285,0.7980534173958689,0.7960246655722285,0.999952815099718
RFE_SVM,Random Forest,10,0.7947120453379276,0.0063272113618283365,0.7947557470286482,0.7954236985950659,0.7947557470286482,0.9999266464728448
LASSO,Stacking Ensemble,90,0.7939919965617535,,0.7956318252730109,0.8026850605076169,0.7956318252730109,0.9999415648921872
RF_importance,LightGBM,10,0.7932669128957172,0.01676932184244102,0.793327552917327,0.7935054474136768,0.793327552917327,1.0
mRMR,LightGBM,50,0.7931679675225453,0.025409832795313978,0.7939466726258843,0.7948192522387695,0.7939466726258843,1.0
mRMR,Stacking Ensemble,50,0.7924186171430243,0.038795367021941425,0.7958787479406919,0.8056710752042022,0.7958787479406919,0.9895466646728885
Boruta,XGBoost,30,0.7920488668775478,0.044491756321331705,0.7932524808455109,0.7950772571369011,0.7932524808455109,1.0
LASSO,LightGBM,90,0.791857928677334,0.009201199817343896,0.7928140825707155,0.7960067296329033,0.7928140825707155,1.0
mRMR,Stacking Ensemble,30,0.791812623684242,0.022163008873773555,0.7935957759720011,0.8021704399694942,0.7935957759720011,0.9849442739118136
mRMR,Stacking Ensemble,90,0.7914843524223304,0.022891734288172136,0.7940441041610987,0.8029849888042313,0.7940441041610987,0.9934453591382741
mRMR,LightGBM,30,0.7907782106459993,0.025084150339941286,0.7915834028393288,0.7939275411606465,0.7915834028393288,1.0
Boruta,LightGBM,30,0.7895774015670347,0.03650930321686916,0.7907026670302894,0.7927744852034572,0.7907026670302894,1.0
RF_importance,XGBoost,10,0.7889962084685137,0.01860865457526721,0.7892138822827784,0.789963187580891,0.7892138822827784,1.0
LASSO,Soft Voting Ensemble,90,0.7883102772961549,0.025496174187842793,0.7897895245650389,0.794273228409102,0.7897895245650389,1.0
RFE_SVM,Stacking Ensemble,90,0.7881989612091151,,0.7896341463414634,0.7977032139717966,0.7896341463414634,0.9586648572278406
LASSO,Random Forest,30,0.7880226792127948,0.01805283957390554,0.7905422238144654,0.7967022335361157,0.7905422238144654,1.0
ReliefF,Stacking Ensemble,50,0.7875855291602502,0.001636485227250262,0.7896066725377353,0.7950063779230274,0.7896066725377353,0.9989735772357724
RF_importance,Soft Voting Ensemble,50,0.7874922706038321,0.014198129594198179,0.790245043631502,0.7972092095536709,0.790245043631502,0.9998650314157139
LASSO,Soft Voting Ensemble,70,0.787164122171102,0.025225750325383937,0.788060823726969,0.789894479773409,0.788060823726969,0.9997878514138677
RF_importance,Stacking Ensemble,70,0.7865136429548709,0.025123393556743017,0.7893539075963045,0.7966551088883884,0.7893539075963045,0.9977933542368405
mRMR,LightGBM,10,0.7864021229622936,0.022934949387086005,0.7865040534478815,0.787859209618918,0.7865040534478815,1.0
mRMR,LightGBM,70,0.7859093676432675,0.014393618813707298,0.7874065895158927,0.7905887322777613,0.7874065895158927,1.0
RFE_SVM,Stacking Ensemble,30,0.7855649589470607,0.01263930850883702,0.789025725939622,0.7989026468336046,0.789025725939622,0.9991031205730679
RF_importance,Random Forest,10,0.78407099176798,0.012397135549817551,0.7850620338334674,0.7891658540714164,0.7850620338334674,1.0
mRMR,Soft Voting Ensemble,10,0.7836910072116673,0.006807472996228583,0.7837799701152908,0.785036825365884,0.7837799701152908,0.9999941927990709
LASSO,XGBoost,30,0.7836513715172626,0.033147865161812846,0.7844766446391834,0.7851308896757955,0.7844766446391834,1.0
mRMR,XGBoost,70,0.7831915087780948,0.019833115310693157,0.7846520509066819,0.7878241937066165,0.7846520509066819,1.0
RFE_SVM,XGBoost,10,0.7824519625173574,0.01284869432938768,0.7825297652694844,0.7827285521454773,0.7825297652694844,0.994195729795068
mRMR,XGBoost,10,0.7818331676315312,0.017921030252626084,0.7821505702156987,0.7850354915373144,0.7821505702156987,0.9967684513213748
Boruta,Soft Voting Ensemble,30,0.7809502717155294,0.03230911662477892,0.7829539024051165,0.7869148165670934,0.7829539024051165,0.9997259404087498
RFE_SVM,Stacking Ensemble,50,0.7806997643720771,0.008375627265350346,0.7826863436691602,0.7907171886019153,0.7826863436691602,0.9898245407620765
ReliefF,Stacking Ensemble,90,0.7789259196917245,,0.7817589576547231,0.7877647459830146,0.7817589576547231,0.99912625600699
mRMR,Stacking Ensemble,70,0.7788856079210004,0.03902846884568829,0.7832023104512469,0.7958154179401213,0.7832023104512469,0.9755592520532943
ReliefF,Random Forest,10,0.7783129142616282,0.012976956160203845,0.7785670462469957,0.7819452029895831,0.7785670462469957,0.9997971587311155
ReliefF,Soft Voting Ensemble,10,0.7778109470051205,0.014439359659036258,0.7780352454533164,0.7786544155750578,0.7780352454533164,0.9997642375873724
RFE_SVM,Soft Voting Ensemble,10,0.7761012687050637,0.009747842946963842,0.7765772325596919,0.777436620673187,0.7765772325596919,0.9995904759426827
ReliefF,XGBoost,10,0.7744118028458423,0.01887763074425988,0.7745346130933913,0.7764607511613927,0.7745346130933913,0.9912560505662861
LASSO,Soft Voting Ensemble,50,0.7743659364309385,0.06451953629337305,0.77565517308668,0.7774988134445189,0.77565517308668,1.0
LASSO,LightGBM,30,0.7742526225560278,0.028359420364920854,0.7753037157816741,0.7761071305560177,0.7753037157816741,1.0
ReliefF,LightGBM,10,0.7729860142666983,0.019042286338958176,0.7730516698260691,0.7742153938213896,0.7730516698260691,1.0
LASSO,Stacking Ensemble,30,0.7717684121441337,0.031774993728860085,0.7738366881803447,0.7773241366394903,0.7738366881803447,0.9999947615455536
Boruta,Random Forest,10,0.7715343520894024,0.013334208839412073,0.7714862507830906,0.7725331349577375,0.7714862507830906,1.0
Boruta,LightGBM,10,0.7690728959943769,0.01192531607226563,0.7690465844403631,0.7693493207267158,0.7690465844403631,1.0
RF_importance,Soft Voting Ensemble,10,0.7652826515904917,0.010101780052855116,0.7654684278704508,0.7659230664158212,0.7654684278704508,0.999894226302196
Boruta,XGBoost,10,0.7651494771245743,0.005147525420641827,0.7651092794995069,0.7653910242797819,0.7651092794995069,0.9999659354135441
LASSO,Stacking Ensemble,50,0.7648320278173224,0.03823140750186588,0.7674928287085822,0.7752738943152748,0.7674928287085822,0.9965907803828296
Boruta,Soft Voting Ensemble,10,0.764287320375573,0.011655313121527924,0.7644177872533532,0.7643466540790221,0.7644177872533532,0.9999913612882048
Boruta,Stacking Ensemble,10,0.76009897436947,0.017431681421653238,0.7614755782741038,0.7743310506203711,0.7614755782741038,0.995375455550207
LASSO,Random Forest,10,0.7598246980745348,0.012913862936672528,0.7604950977198607,0.7617451369556001,0.7604950977198607,0.9999927704397741
mRMR,Stacking Ensemble,10,0.7595509014981969,0.007082596394794889,0.7597296117067258,0.7615425961156062,0.7597296117067258,0.9762111217188149
Boruta,Stacking Ensemble,30,0.7594262006078255,0.009744781722521008,0.7642578840906313,0.7742654578060744,0.7642578840906313,0.9939210580250839
LASSO,XGBoost,10,0.7554302041397053,0.0304736155956688,0.7556033265017331,0.7554446663084885,0.7556033265017331,1.0
LASSO,Soft Voting Ensemble,30,0.7553040670950898,0.06557822502622945,0.7583616041041993,0.7621985938206831,0.7583616041041993,1.0
LASSO,LightGBM,10,0.7550816635205274,0.022277148724835806,0.7552246664851302,0.7550756769741627,0.7552246664851302,1.0
RFE_SVM,Stacking Ensemble,10,0.7446012786052955,0.031458747876201704,0.744718219720132,0.7454741790887199,0.744718219720132,0.9822434155403449
LASSO,Soft Voting Ensemble,10,0.743379252769837,0.014466263660314652,0.7448661074707085,0.7458555223629677,0.7448661074707085,0.9999943052067494
RF_importance,Stacking Ensemble,10,0.7365202218635721,,0.736517719568567,0.7365262213769647,0.736517719568567,0.984908921685946
ReliefF,Stacking Ensemble,10,0.7322456456075807,0.023256393047834334,0.7327153441351614,0.7371526122340227,0.7327153441351614,0.9550926974165068
LASSO,Stacking Ensemble,10,0.7191287769898613,0.03257394723451943,0.7204003095392466,0.7324599521645241,0.7204003095392466,0.9947694149166411
ReliefF,SVM (RBF),50,0.6733578365407258,0.008599187766798088,0.6738627687018947,0.6748545544095803,0.6738627687018947,1.0
RFE_SVM,SVM (RBF),70,0.6702861020908462,0.013179454343356418,0.6702853903785488,0.6712186155961852,0.6702853903785488,1.0
RFE_SVM,SVM (RBF),50,0.6624596465376206,0.02068679803433822,0.6629690208822403,0.6646549561475575,0.6629690208822403,0.9964030381971258
ReliefF,SVM (RBF),10,0.660411047503109,0.10737850262185011,0.6614636005737196,0.6653311338940769,0.6614636005737196,0.8362132450639406
RFE_SVM,SVM (RBF),10,0.6585805609766596,0.033778833441209764,0.6600573156165538,0.6647082896659957,0.6600573156165538,0.8251656666955992
mRMR,SVM (RBF),50,0.6456141497751308,0.007989379494603894,0.6551468811984956,0.6764449351419701,0.6551468811984956,1.0
RF_importance,SVM (RBF),30,0.6405503164376061,0.0700236112621313,0.6432799667836001,0.6484179315650416,0.6432799667836001,0.9074537837596552
mRMR,SVM (RBF),30,0.6339536661573552,0.037440370521242786,0.6355559745984203,0.6357647364253526,0.6355559745984203,0.9943653978303745
RF_importance,SVM (RBF),90,0.6306215057307288,0.05791772228189112,0.6335252126929786,0.6338179981271107,0.6335252126929786,0.9258364575867724
Boruta,SVM (RBF),90,0.6287914256702688,0.020536468056143085,0.6305343601586442,0.631482929164899,0.6305343601586442,0.9432952557373676
RF_importance,SVM (RBF),10,0.6210224295600287,0.06815894772435056,0.6230537015488159,0.623849980996768,0.6230537015488159,0.8217759157501555
RFE_SVM,SVM (RBF),90,0.6193284402852521,0.071083864939359,0.619788661671825,0.619860508406585,0.619788661671825,0.9112817930523813
RFE_SVM,SVM (RBF),30,0.6173547775983113,0.016574274894455808,0.6191834514511411,0.6180985503907122,0.6191834514511411,0.8818033527522253
Boruta,SVM (RBF),50,0.6164410329067728,0.06128687956707676,0.6171057518509308,0.6176767235311673,0.6171057518509308,0.8858109124118801
mRMR,SVM (RBF),10,0.6102130343652522,0.056743931564569826,0.6108957392009554,0.6112698411885963,0.6108957392009554,0.7967850415632732
Boruta,SVM (RBF),30,0.6075881273763519,0.020934316202481158,0.6113839102234624,0.6113650696493023,0.6113839102234624,0.8992162829239853
RFE_SVM,Logistic Regression,30,0.607151231834918,0.024156289925821084,0.6069289595504429,0.6082399457543953,0.6069289595504429,0.7009109811951696
RFE_SVM,Logistic Regression,90,0.6035610638947709,0.02104741439587275,0.603648413203503,0.6041934448057181,0.603648413203503,0.813251404532536
mRMR,SVM (RBF),70,0.5993725505231013,0.0702692557531401,0.6014649309986473,0.6008231618906719,0.6014649309986473,0.9449135680380879
LASSO,SVM (RBF),30,0.5991778695227795,0.061630483000323706,0.5992785140176216,0.5992078172054016,0.5992785140176216,0.9827542706032255
RFE_SVM,Logistic Regression,50,0.5957567268077648,0.0026652340165868173,0.5957054273776249,0.5965145128043493,0.5957054273776249,0.7485325622179847
RFE_SVM,Logistic Regression,70,0.5885186647560692,0.009293489987562388,0.5886657137223975,0.5900491218256919,0.5886657137223975,0.7873671853287149
Boruta,SVM (RBF),70,0.5779768901835589,0.024026853583801785,0.5801564122691352,0.5818784193572226,0.5801564122691352,0.820179814691344
LASSO,SVM (RBF),70,0.5773945455330055,0.10808902344626048,0.5935260174734011,0.6262920258446776,0.5935260174734011,0.7556789706769763
Boruta,SVM (RBF),10,0.5772335402189307,0.13992455832666506,0.5834200262861595,0.5799458519840133,0.5834200262861595,0.7028368501783304
RFE_SVM,Logistic Regression,10,0.5750923526341906,0.008127343898183917,0.5773568965318704,0.578518461286749,0.5773568965318704,0.6279068186307447
LASSO,SVM (RBF),10,0.5719350307086658,0.08797260534784589,0.5764797462693072,0.5808540405167691,0.5764797462693072,0.800632160258076
ReliefF,SVM (RBF),70,0.5704391955890018,0.06717945274600907,0.5714508941808774,0.5709495383269088,0.5714508941808774,0.8772203764262176
ReliefF,SVM (RBF),90,0.5692317719490837,0.11112949731190531,0.5696319296868689,0.5720914502990272,0.5696319296868689,0.7630369873994681
ReliefF,SVM (RBF),30,0.5615265185976793,0.030309228728769462,0.5625279991233393,0.5618386674298108,0.5625279991233393,0.8139363886694911
RF_importance,SVM (RBF),50,0.5566794621623204,0.04736057788516766,0.5570315448038117,0.5567645085340517,0.5570315448038117,0.6852464273926286
Boruta,Logistic Regression,70,0.5424509620587762,0.009822018686691462,0.5426986414519402,0.5437281235904595,0.5426986414519402,0.7114151910954033
Boruta,Logistic Regression,90,0.5387712978449175,0.011349777550144062,0.5392430088813368,0.5406166358367642,0.5392430088813368,0.7323159846784301
Boruta,Logistic Regression,50,0.5358387567513633,0.012312213471077783,0.5358925772080533,0.5359927410452553,0.5358925772080533,0.6614074535486494
LASSO,SVM (RBF),90,0.5328955989815815,0.016664823929863196,0.534644445896188,0.5334914648983903,0.534644445896188,0.9005622810268145
RF_importance,Logistic Regression,90,0.5318788798050881,0.022008382643901425,0.5318820033851732,0.5334467711169433,0.5318820033851732,0.73194266064912
ReliefF,Logistic Regression,10,0.5263538960009876,0.020447743730513494,0.5272561647387668,0.5294303959933885,0.5272561647387669,0.5881519548877103
RF_importance,SVM (RBF),70,0.523612603116406,0.020042325213136085,0.5232193076647748,0.5254834016914466,0.5232193076647748,0.6924983880349016
ReliefF,Logistic Regression,70,0.5151102430611367,0.024543177960130263,0.5149645554120469,0.515388546591859,0.5149645554120469,0.6903135852874623
ReliefF,Logistic Regression,30,0.5128906431718134,0.022866371224936743,0.5128807035291659,0.5134916570717568,0.5128807035291659,0.6254011880171656
Boruta,Logistic Regression,10,0.512272331740045,0.04272616107131371,0.5126935607471435,0.5124324581238681,0.5126935607471435,0.5810219203521554
RF_importance,Logistic Regression,50,0.5097504537256748,0.02061602017392654,0.5094509895134162,0.5118699198916465,0.5094509895134162,0.6566096012667
LASSO,SVM (RBF),50,0.507193478955656,0.0628681326988578,0.5089828726207427,0.5090075078770451,0.5089828726207427,0.6371362388540308
RF_importance,Logistic Regression,30,0.5064938575639644,0.014640139954265292,0.5064033405669948,0.5068165025943334,0.5064033405669948,0.6213403987009994
ReliefF,Logistic Regression,50,0.5056574294388833,0.016868430915817276,0.5055946125739478,0.5060526623616634,0.5055946125739478,0.6643383723493838
RF_importance,Logistic Regression,10,0.5056520495179867,0.03372249237499218,0.5061904762080855,0.5060116662968578,0.5061904762080855,0.5757033605053397
LASSO,Logistic Regression,30,0.5027968079293009,0.0390373696227715,0.5025638980573924,0.5054639440567588,0.5025638980573924,0.6207989341716983
Boruta,Logistic Regression,30,0.5023049916349563,0.020193946560797874,0.5018820652737076,0.5055336101218572,0.5018820652737076,0.6312597241281775
ReliefF,Logistic Regression,90,0.5002125511824641,0.019751703543653642,0.5001361412970713,0.5011860682442691,0.5001361412970713,0.7212612298651294
mRMR,Logistic Regression,90,0.4974077097929426,0.01514868584312758,0.4972984956904039,0.49833279768030825,0.4972984956904039,0.7068403602629898
mRMR,Logistic Regression,30,0.49707381316907656,0.03620356670703813,0.49676897654644064,0.49767568907434107,0.49676897654644064,0.6120228891452192
RF_importance,Logistic Regression,70,0.495428712295382,0.02596034872764025,0.49495670153502735,0.49741787241607005,0.49495670153502735,0.6982820183358941
mRMR,SVM (RBF),90,0.49191010185905454,0.1884288206499865,0.5481769574071709,0.4653006162828343,0.5481769574071709,0.5405501466549537
mRMR,Logistic Regression,70,0.48555358160671536,0.016531514240578266,0.4852768800096501,0.4860910547293464,0.4852768800096501,0.6741012109314651
LASSO,Logistic Regression,70,0.48526198872958903,0.036504306231618766,0.4853631522896699,0.48624346799293616,0.4853631522896699,0.6744379521871425
LASSO,Logistic Regression,50,0.48342167434413374,0.039721971896692555,0.48356016456988615,0.48456357262660993,0.48356016456988615,0.6601382028872945
LASSO,Logistic Regression,90,0.48292754811003397,0.011043138885863288,0.4830389361466685,0.483166992330292,0.4830389361466685,0.7027031649868754
LASSO,Logistic Regression,10,0.4805882952758315,0.02436240786584228,0.4806958442173075,0.4833289328434953,0.4806958442173075,0.5525886080665855
mRMR,Logistic Regression,50,0.4791364394746321,0.01810187379501534,0.47881774945994593,0.4807438503279327,0.47881774945994593,0.6446600195431156
mRMR,Logistic Regression,10,0.46704521043607666,0.016234408876748943,0.4680477204739964,0.4673098530532888,0.4680477204739964,0.5577859067723323
